{
  "songName": "nhelv",
  "bpm": 175.89,
  "offset": 0.009,
  "songAuthor": "silentroom",
  "chartAuthor": "kaypooma + Reaxt",
  "difficulty": 5,
  "songPath": "song.mp3",
  "events": [

    {
      "time":8,
      "name": "moveCollumnEase",
      "data": "0 0 0 15 -18 easeOutExpo 15"
    },
    {
      "time":8,
      "name": "moveCollumnEase",
      "data": "1 0 0 7 -24 easeOutExpo 15"
    },
    {
      "time":8,
      "name": "moveCollumnEase",
      "data": "3 0 0 -15 -18 easeOutExpo 15"
    },
    {
      "time":8,
      "name": "moveCollumnEase",
      "data": "2 0 0 -7 -12 easeOutExpo 15"
    },
    {
      "time":8,
      "name":"setMovementAmount",
      "data":"40"
    },

    {
      "time":8,
      "name":"setCollumnAngle",
      "data":"3 270"
    },
    {
      "time": 8,
      "name":"setCollumnAngle",
      "data":"2 180"
    },
    {
      "time": 8,
      "name":"setCollumnAngle",
      "data":"0 90"
    },

    {
      "time":40,
      "name":"relativeAllCollumnEase",
      "data":"10 0 easeOutCirc 0.9"
    },
    {
      "time":41,
      "name":"relativeAllCollumnEase",
      "data":"10 0 easeOutCirc 0.9"
    },
    {
      "time":48,
      "name":"relativeAllCollumnEase",
      "data":"0 5 easeOutCirc 0.9"
    },
    {
      "time":49,
      "name":"relativeAllCollumnEase",
      "data":"0 5 easeOutCirc 0.9"
    },
    {
      "time":56,
      "name":"relativeAllCollumnEase",
      "data":"0 -6 easeOutCirc 0.9"
    },
    {
      "time":57,
      "name":"relativeAllCollumnEase",
      "data":"0 -6 easeOutCirc 0.9"
    },
    {
      "time":64,
      "name":"relativeAllCollumnEase",
      "data":"-10 0 easeOutCirc 2"
    },
    {
      "time":65,
      "name":"relativeAllCollumnEase",
      "data":"-10 0 easeOutCirc 2"
    },
    {
      "time":67,
      "name":"relativeAllCollumnEase",
      "data":"0 -40 easeInCirc 2"
    },
    {
      "time":69,
      "name":"moveAllCollumnEase",
      "data":"0 20 0 0 easeOutCirc 2"
    },
    {
      "time":69,
      "name":"setAllCollumnAngle",
      "data": 0,
    },
    {
      "time":69,
      "name":"setMovementAmount",
      "data":"75"
    },
    {
      "time":67,
      "name":"setModPercent",
      "data":"bumpy 1"

    },
    {
      "time":74,
      "name":"setAllCollumnAngleEase",
      "data":"0 -15 easeOutBack 4",
    },
    {
      "time":80,
      "name":"setAllCollumnAngleEase",
      "data":"-15 15 easeOutBack 8",
    },
    {
      "time":88,
      "name":"setAllCollumnAngleEase",
      "data":"15 -15 easeOutBack 8",
    },
    {
      "time":100,
      "name":"setAllCollumnAngle",
      "data":"0"
    },
    {
      "time":100,
      "name":"moveWindow",
      "data":"0 0",
    },
    {
      "time":101,
      "name":"moveWindow",
      "data":"0 100",
    },
    {
      "time":102,
      "name":"moveWindow",
      "data":"100 100",
    },
    {
      "time":103,
      "name":"moveWindow",
      "data":"100 0",
    },
    {
      "time":104,
      "name":"moveWindow",
      "data":"50 50",
    },
    {
      "time":104,
      "name": "moveAllCollumnEase",
      "data": "0 0 -30 0 easeOutCubic 4"
    },
    {
      "time":104,
      "name": "moveWindowEase",
      "data": "50 50 -55 50 easeOutCubic 4"
    },

    {
      "time":108,
      "name": "moveAllCollumnEase",
      "data": "-30 0 0 0 easeOutCubic 4"
    },
    {
      "time":108,
      "name": "moveWindowEase",
      "data": "-55 50 50 50 easeOutCubic 4"
    },
    {
      "time":112,
      "name": "moveAllCollumnEase",
      "data": "0 0 30 0 easeOutCubic 4"
    },
    {
      "time":112,
      "name": "moveWindowEase",
      "data": "50 50 155 50 easeOutCubic 4"
    },
    {
      "time":116,
      "name": "moveAllCollumnEase",
      "data": "30 0 0 0 easeOutCubic 4"
    },
    {
      "time":116,
      "name": "moveWindowEase",
      "data": "155 50 50 50 easeOutCubic 4"
    },
    {
      "time":120,
      "name": "moveAllCollumnEase",
      "data": "0 0 79 0 easeInCirc 10"
    },
    {
      "time":130,
      "name": "moveAllCollumnEase",
      "data": "-79 0 0 0 easeOutCirc 6.8"
    },
    {
      "time":135,
      "name":"setModPercentEase",
      "data": "bumpy 0 4 easeLinear 5"
    },
    {
      "time":137,
      "name":"moveCollumnEase",
      "data":"0 0 0 -10 0 easeLinear 0.5"
    },
    {
      "time":137,
      "name":"moveCollumnEase",
      "data":"1 0 0 -10 0 easeLinear 0.5"
    },
    {
      "time":137,
      "name":"moveCollumnEase",
      "data":"2 0 0 10 0 easeLinear 0.5"
    },
    {
      "time":137,
      "name":"moveCollumnEase",
      "data":"3 0 0 10 0 easeLinear 0.5"
    },
    {
      "time":139,
      "name":"moveCollumnEase",
      "data":"0 -10 0 0 0 easeLinear 0.5"
    },
    {
      "time":139,
      "name":"moveCollumnEase",
      "data":"1 -10 0 0 0 easeLinear 0.5"
    },
    {
      "time":139,
      "name":"moveCollumnEase",
      "data":"2 10 0 0 0 easeLinear 0.5"
    },
    {
      "time":139,
      "name":"moveCollumnEase",
      "data":"3 10 0 0 0 easeLinear 0.5"
    },
    {
      "time":141,
      "name":"moveCollumnEase",
      "data":"0 0 0 -10 0 easeLinear 0.5"
    },
    {
      "time":141,
      "name":"moveCollumnEase",
      "data":"1 0 0 -10 0 easeLinear 0.5"
    },
    {
      "time":141,
      "name":"moveCollumnEase",
      "data":"2 0 0 10 0 easeLinear 0.5"
    },
    {
      "time":141,
      "name":"moveCollumnEase",
      "data":"3 0 0 10 0 easeLinear 0.5"
    },
    {
      "time":143,
      "name":"moveCollumnEase",
      "data":"0 -10 0 0 0 easeLinear 0.5"
    },
    {
      "time":143,
      "name":"moveCollumnEase",
      "data":"1 -10 0 0 0 easeLinear 0.5"
    },
    {
      "time":143,
      "name":"moveCollumnEase",
      "data":"2 10 0 0 0 easeLinear 0.5"
    },
    {
      "time":143,
      "name":"moveCollumnEase",
      "data":"3 10 0 0 0 easeLinear 0.5"
    },
    {
      "time":145,
      "name":"moveCollumnEase",
      "data":"0 0 0 -10 0 easeLinear 0.5"
    },
    {
      "time":145,
      "name":"moveCollumnEase",
      "data":"1 0 0 -10 0 easeLinear 0.5"
    },
    {
      "time":145,
      "name":"moveCollumnEase",
      "data":"2 0 0 10 0 easeLinear 0.5"
    },
    {
      "time":145,
      "name":"moveCollumnEase",
      "data":"3 0 0 10 0 easeLinear 0.5"
    },
    {
      "time":147,
      "name":"moveCollumnEase",
      "data":"0 -10 0 0 0 easeLinear 0.5"
    },
    {
      "time":147,
      "name":"moveCollumnEase",
      "data":"1 -10 0 0 0 easeLinear 0.5"
    },
    {
      "time":147,
      "name":"moveCollumnEase",
      "data":"2 10 0 0 0 easeLinear 0.5"
    },
    {
      "time":147,
      "name":"moveCollumnEase",
      "data":"3 10 0 0 0 easeLinear 0.5"
    },
    {
      "time":149,
      "name":"moveCollumnEase",
      "data":"0 0 0 -10 0 easeLinear 0.5"
    },
    {
      "time":149,
      "name":"moveCollumnEase",
      "data":"1 0 0 -10 0 easeLinear 0.5"
    },
    {
      "time":149,
      "name":"moveCollumnEase",
      "data":"2 0 0 10 0 easeLinear 0.5"
    },
    {
      "time":149,
      "name":"moveCollumnEase",
      "data":"3 0 0 10 0 easeLinear 0.5"
    },
    {
      "time":151,
      "name":"moveCollumnEase",
      "data":"0 -10 0 0 0 easeLinear 0.5"
    },
    {
      "time":151,
      "name":"moveCollumnEase",
      "data":"1 -10 0 0 0 easeLinear 0.5"
    },
    {
      "time":151,
      "name":"moveCollumnEase",
      "data":"2 10 0 0 0 easeLinear 0.5"
    },
    {
      "time":151,
      "name":"moveCollumnEase",
      "data":"3 10 0 0 0 easeLinear 0.5"
    },
    {
      "time":148,
      "name":"setModPercentEase",
      "data": "bumpy 4 2 easeLinear 5"
    },
    {
      "time":153,
      "name":"moveCollumnEase",
      "data":"2 0 0 -15 0 easeLinear 0.5"
    },
    {
      "time":153,
      "name":"moveCollumnEase",
      "data":"1 0 0 15 0 easeLinear 0.5"
    },
    {
      "time":155,
      "name":"moveCollumnEase",
      "data":"2 -15 0 0 0 easeLinear 0.5"
    },
    {
      "time":155,
      "name":"moveCollumnEase",
      "data":"1 15 0 0 0 easeLinear 0.5"
    },
    {
      "time":157,
      "name":"moveCollumnEase",
      "data":"2 0 0 -15 0 easeLinear 0.5"
    },
    {
      "time":157,
      "name":"moveCollumnEase",
      "data":"1 0 0 15 0 easeLinear 0.5"
    },
    {
      "time":159,
      "name":"moveCollumnEase",
      "data":"2 -15 0 0 0 easeLinear 0.5"
    },
    {
      "time":159,
      "name":"moveCollumnEase",
      "data":"1 15 0 0 0 easeLinear 0.5"
    },
    {
      "time":161,
      "name":"moveCollumnEase",
      "data":"2 0 0 -15 0 easeLinear 0.5"
    },
    {
      "time":161,
      "name":"moveCollumnEase",
      "data":"1 0 0 15 0 easeLinear 0.5"
    },
    {
      "time":163,
      "name":"moveCollumnEase",
      "data":"2 -15 0 0 0 easeLinear 0.5"
    },
    {
      "time":163,
      "name":"moveCollumnEase",
      "data":"1 15 0 0 0 easeLinear 0.5"
    },
    {
      "time":165,
      "name":"moveCollumnEase",
      "data":"2 0 0 -15 0 easeLinear 0.5"
    },
    {
      "time":165,
      "name":"moveCollumnEase",
      "data":"1 0 0 15 0 easeLinear 0.5"
    },
    {
      "time":167,
      "name":"moveCollumnEase",
      "data":"2 -15 0 0 0 easeLinear 0.5"
    },
    {
      "time":167,
      "name":"moveCollumnEase",
      "data":"1 15 0 0 0 easeLinear 0.5"
    },
    {
      "time":169,
      "name":"setCollumnAngleEase",
      "data":"0 0 30 easeLinear 0.5"
    },
    {
      "time":169,
      "name":"setCollumnAngleEase",
      "data":"1 0 30 easeLinear 0.5"
    },
    {
      "time":169,
      "name":"setCollumnAngleEase",
      "data":"2 0 -30 easeLinear 0.5"
    },
    {
      "time":169,
      "name":"setCollumnAngleEase",
      "data":"3 0 -30 easeLinear 0.5"
    },
    {
      "time":171,
      "name":"setCollumnAngleEase",
      "data":"0 30 0 easeLinear 0.5"
    },
    {
      "time":171,
      "name":"setCollumnAngleEase",
      "data":"1 30 0 easeLinear 0.5"
    },
    {
      "time":171,
      "name":"setCollumnAngleEase",
      "data":"2 -30 0 easeLinear 0.5"
    },
    {
      "time":171,
      "name":"setCollumnAngleEase",
      "data":"3 -30 0 easeLinear 0.5"
    },
    {
      "time":173,
      "name":"setCollumnAngleEase",
      "data":"0 0 30 easeLinear 0.5"
    },
    {
      "time":173,
      "name":"setCollumnAngleEase",
      "data":"1 0 30 easeLinear 0.5"
    },
    {
      "time":173,
      "name":"setCollumnAngleEase",
      "data":"2 0 -30 easeLinear 0.5"
    },
    {
      "time":173,
      "name":"setCollumnAngleEase",
      "data":"3 0 -30 easeLinear 0.5"
    },
    {
      "time":175,
      "name":"setCollumnAngleEase",
      "data":"0 30 0 easeLinear 0.5"
    },
    {
      "time":175,
      "name":"setCollumnAngleEase",
      "data":"1 30 0 easeLinear 0.5"
    },
    {
      "time":175,
      "name":"setCollumnAngleEase",
      "data":"2 -30 0 easeLinear 0.5"
    },
    {
      "time":175,
      "name":"setCollumnAngleEase",
      "data":"3 -30 0 easeLinear 0.5"
    },
    {
      "time":177,
      "name":"setCollumnAngleEase",
      "data":"0 0 30 easeLinear 0.5"
    },
    {
      "time":177,
      "name":"setCollumnAngleEase",
      "data":"1 0 30 easeLinear 0.5"
    },
    {
      "time":177,
      "name":"setCollumnAngleEase",
      "data":"2 0 -30 easeLinear 0.5"
    },
    {
      "time":177,
      "name":"setCollumnAngleEase",
      "data":"3 0 -30 easeLinear 0.5"
    },
    {
      "time":179,
      "name":"setCollumnAngleEase",
      "data":"0 30 0 easeLinear 0.5"
    },
    {
      "time":179,
      "name":"setCollumnAngleEase",
      "data":"1 30 0 easeLinear 0.5"
    },
    {
      "time":179,
      "name":"setCollumnAngleEase",
      "data":"2 -30 0 easeLinear 0.5"
    },
    {
      "time":179,
      "name":"setCollumnAngleEase",
      "data":"3 -30 0 easeLinear 0.5"
    },
    {
      "time":181,
      "name":"setCollumnAngleEase",
      "data":"0 0 30 easeLinear 0.5"
    },
    {
      "time":181,
      "name":"setCollumnAngleEase",
      "data":"1 0 30 easeLinear 0.5"
    },
    {
      "time":181,
      "name":"setCollumnAngleEase",
      "data":"2 0 -30 easeLinear 0.5"
    },
    {
      "time":181,
      "name":"setCollumnAngleEase",
      "data":"3 0 -30 easeLinear 0.5"
    },
    {
      "time":183,
      "name":"setCollumnAngleEase",
      "data":"0 30 0 easeLinear 0.5"
    },
    {
      "time":183,
      "name":"setCollumnAngleEase",
      "data":"1 30 0 easeLinear 0.5"
    },
    {
      "time":183,
      "name":"setCollumnAngleEase",
      "data":"2 -30 0 easeLinear 0.5"
    },
    {
      "time":183,
      "name":"setCollumnAngleEase",
      "data":"3 -30 0 easeLinear 0.5"
    },
    {
      "time":185,
      "name":"moveCollumnEase",
      "data":"1 0 0 0 -35 easeLinear 0.5"
    },
    {
      "time":185,
      "name":"moveCollumnEase",
      "data":"2 0 0 0 -35 easeLinear 0.5"
    },
    {
      "time":185,
      "name":"setCollumnAngleEase",
      "data":"2 0 180 easeLinear 0.5"
    },
    {
      "time":185,
      "name":"setCollumnAngleEase",
      "data":"1 0 -180 easeLinear 0.5"
    },
    {
      "time":187,
      "name":"moveCollumnEase",
      "data":"3 0 0 0 -35 easeLinear 0.5"
    },
    {
      "time":187,
      "name":"moveCollumnEase",
      "data":"0 0 0 0 -35 easeLinear 0.5"
    },
    {
      "time":187,
      "name":"setCollumnAngleEase",
      "data":"3 0 180 easeLinear 0.5"
    },
    {
      "time":187,
      "name":"setCollumnAngleEase",
      "data":"0 0 -180 easeLinear 0.5"
    },
    {
      "time":195,
      "name":"moveCollumnEase",
      "data":"1 0 -35 0 0 easeLinear 0.5"
    },
    {
      "time":195,
      "name":"moveCollumnEase",
      "data":"2 0 -35 0 0 easeLinear 0.5"
    },
    {
      "time":195,
      "name":"setCollumnAngleEase",
      "data":"2 180 0 easeLinear 0.5"
    },
    {
      "time":195,
      "name":"setCollumnAngleEase",
      "data":"1 -180 0 easeLinear 0.5"
    },
    {
      "time":197,
      "name":"moveCollumnEase",
      "data":"3 0 -35 0 0 easeLinear 0.5"
    },
    {
      "time":197,
      "name":"moveCollumnEase",
      "data":"0 -35 0 0 0 easeLinear 0.5"
    },
    {
      "time":197,
      "name":"setCollumnAngleEase",
      "data":"3 180 0 easeLinear 0.5"
    },
    {
      "time":197,
      "name":"setCollumnAngleEase",
      "data":"0 -180 0 easeLinear 0.5"
    },
    {
      "time":200,
      "name":"setModPercentEase",
      "data":"bumpy 5 0 easeLinear 2"
    },
    {
      "time":200,
      "name":"setModPercentEase",
      "data":"wave 0 1 easeLinear 2"
    },
    {
      "time":228,
      "name":"setModPercentEase",
      "data":"wave 1 0 easeLinear 2"
    },
    {
      "time":232,
      "name":"relativeCollumnEase",
      "data":"0 0 -30 easeOutCubic 3"
    },
    {
      "time":232,
      "name":"setCollumnAngleEase",
      "data":"0 0 180 easeOutCubic 3"
    },
    {
      "time":233,
      "name":"relativeCollumnEase",
      "data":"1 0 -30 easeOutCubic 3"
    },
    {
      "time":233,
      "name":"setCollumnAngleEase",
      "data":"1 0 180 easeOutCubic 3"
    },
    {
      "time":234,
      "name":"relativeCollumnEase",
      "data":"2 0 -30 easeOutCubic 3"
    },
    {
      "time":234,
      "name":"setCollumnAngleEase",
      "data":"2 0 180 easeOutCubic 3"
    },
    {
      "time":235,
      "name":"relativeCollumnEase",
      "data":"3 0 -30 easeOutCubic 3"
    },
    {
      "time":235,
      "name":"setCollumnAngleEase",
      "data":"3 0 180 easeOutCubic 3"
    },
    {
      "time":240,
      "name":"relativeCollumnEase",
      "data":"0 0 30 easeOutCubic 3"
    },
    {
      "time":240,
      "name":"setCollumnAngleEase",
      "data":"0 180 0 easeOutCubic 3"
    },
    {
      "time":241,
      "name":"relativeCollumnEase",
      "data":"1 0 30 easeOutCubic 3"
    },
    {
      "time":241,
      "name":"setCollumnAngleEase",
      "data":"1 180 0 easeOutCubic 3"
    },
    {
      "time":242,
      "name":"relativeCollumnEase",
      "data":"2 0 30 easeOutCubic 3"
    },
    {
      "time":242,
      "name":"setCollumnAngleEase",
      "data":"2 180 0 easeOutCubic 3"
    },
    {
      "time":243,
      "name":"relativeCollumnEase",
      "data":"3 0 30 easeOutCubic 3"
    },
    {
      "time":243,
      "name":"setCollumnAngleEase",
      "data":"3 180 0 easeOutCubic 3"
    },
    {
      "time":263,
      "name":"setMovementAmountEase",
      "data":"75 50 easeLinear 2"
    },
    {
      "time":263,
      "name":"setModPercentEase",
      "data":"bumpy 0 2 easeLinear 2"
    },
    {
      "time":295,
      "name":"moveAllCollumn",
      "data":"0 0"
    },
    {
      "time":295,
      "name":"setMovementAmountEase",
      "data":"50 75 easeLinear 2"
    },
    {
      "time":296,
      "name":"moveWindowEase",
      "data":"50 50 100 100 easeInOutExpo 1"
    },
    {
      "time":300,
      "name":"moveWindowEase",
      "data":"100 100 0 100 easeInOutExpo 1"
    },
    {
      "time":304,
      "name":"moveWindowEase",
      "data":"0 100 0 0 easeInOutExpo 1"
    },
    {
      "time":308,
      "name":"moveWindowEase",
      "data":"0 0 100 0 easeInOutExpo 1"
    },
    {
      "time":312,
      "name":"moveWindowEase",
      "data":"100 0 50 50 easeInOutExpo 1"
    },
    {
      "time":310,
      "name":"moveCollumnEase",
      "data":"0 0 0 -40 0 easeInBack 9"
    },
    {
      "time":310,
      "name":"moveCollumnEase",
      "data":"3 0 0 40 0 easeInBack 9"
    },
    {
      "time":320,
      "name":"moveCollumnEase",
      "data":"1 0 0 0 -57 easeLinear 3"
    },
    {
      "time":320,
      "name":"moveCollumnEase",
      "data":"2 0 0 0 -54 easeLinear 3"
    },
    {
      "time":320,
      "name":"setCollumnAngle",
      "data":"0 180"
    },
    {
      "time":320,
      "name":"setCollumnAngle",
      "data":"3 180"
    },
    {
      "time":320,
      "name":"moveCollumn",
      "data":"0 0 -50"
    },
    {
      "time":320,
      "name":"moveCollumn",
      "data":"3 0 -50"
    },
    {
      "time":322,
      "name":"setModPercent",
      "data":"bumpy 0"
    },
    {
      "time":326,
      "name":"moveCollumnEase",
      "data":"0 0 -50 0 20 easeLinear 2.7"
    },
    {
      "time":326,
      "name":"moveCollumnEase",
      "data":"3 0 -50 0 20 easeLinear 2.7"
    },
    {
      "time":326.5,
      "name":"freezeAllCollumnArrows",
      "data":"1"
    },
    {
      "time":329,
      "name":"moveCollumn",
      "data":"0 -35 1"
    },
    {
      "time":329,
      "name":"moveCollumn",
      "data":"1 -49 -11"
    },
    {
      "time":329,
      "name":"moveCollumn",
      "data":"2 -63 -24"
    },
    {
      "time":329,
      "name":"moveCollumn",
      "data":"3 -77 -36"
    },
    {
      "time":329,
      "name":"freezeAllCollumnArrows",
      "data":"0"
    },
    {
      "time":329.1,
      "name":"relativeAllCollumnMove",
      "data":"-18 0"
    },
    {
      "time":329,
      "name":"setMovementAmount",
      "data":16.489
    },
    {
      "time":330,
      "name":"freezeAllCollumnArrows",
      "data":"1"
    },
    {
      "time":329.1,
      "name":"setAllCollumnAngle",
      "data":"-90"
    },
    {
      "time":330,
      "name":"relativeAllCollumnEase",
      "data":"130 0 easeLinear 23"
    },
    {
      "time":352,
      "name":"freezeAllCollumnArrows",
      "data":0,
    },
    {
      "time":355,
      "name":"relativeAllCollumnEase",
      "data":"-100 0 easeInOutExpo 5"
    },
    {
      "time":355,
      "name":"setMovementAmountEase",
      "data":"16.489 75 easeLinear 5"
    },
    {
      "time":367,
      "name":"relativeAllCollumnEase",
      "data":"90 0 easeLinear 1"
    },
    {
      "time":367,
      "name":"setAllCollumnAngleEase",
      "data":"-90 90 easeLinear 1"
    },
    {
      "time":368,
      "name":"setAllCollumnAngle",
      "data":"90"
    },
    {
      "time":384,
      "name":"relativeAllCollumnEase",
      "data":"-90 0 easeLinear 3"
    },
    {
      "time":384,
      "name":"freezeAllCollumnArrows",
      "data":"1"
    },
    {
      "time":386,
      "name":"freezeAllCollumnArrows",
      "data":"0"
    },
    {
      "time":386,
      "name":"setAllCollumnAngle",
      "data":"-90"
    },
    {
      "time":388,
      "name":"moveWindowEase",
      "data":"50 50 -400 50 easeInBack 4"
    },
    {
      "time":392,
      "name":"moveAllCollumn",
      "data":"0 0"
    },
    {
      "time":392,
      "name":"setAllCollumnAngle",
      "data":0
    },
    {
      "time":392,
      "name":"moveWindowEase",
      "data":"300 50 50 50 easeOutBack 3"
    },
    {
      "time":408,
      "name":"setMovementAmountEase",
      "data":"75 20 easeLinear 0.5"
    },
    {
      "time":415,
      "name":"setMovementAmountEase",
      "data":"20 75 easeLinear 0.5"
    },
    {
      "time":415,
      "name":"setAllCollumnAngleEase",
      "data":"0 45 easeLinear 1"
    },
    {
      "time":416,
      "name":"setAllCollumnAngleEase",
      "data":"45 -45 easeInOutSine 3"
    },
    {
      "time":419,
      "name":"setAllCollumnAngleEase",
      "data":"-45 45 easeInOutSine 3"
    },
    {
      "time":422,
      "name":"setAllCollumnAngleEase",
      "data":"45 0 easeInOutSine 1.5"
    },
    {
      "time":424,
      "name":"relativeCollumnEase",
      "data":"0 0 -30 easeOutCubic 3"
    },
    {
      "time":424,
      "name":"setCollumnAngleEase",
      "data":"0 0 180 easeOutCubic 3"
    },
    {
      "time":425,
      "name":"relativeCollumnEase",
      "data":"1 0 -30 easeOutCubic 3"
    },
    {
      "time":425,
      "name":"setCollumnAngleEase",
      "data":"1 0 180 easeOutCubic 3"
    },
    {
      "time":426,
      "name":"relativeCollumnEase",
      "data":"2 0 -30 easeOutCubic 3"
    },
    {
      "time":426,
      "name":"setCollumnAngleEase",
      "data":"2 0 180 easeOutCubic 3"
    },
    {
      "time":427,
      "name":"relativeCollumnEase",
      "data":"3 0 -30 easeOutCubic 3"
    },
    {
      "time":427,
      "name":"setCollumnAngleEase",
      "data":"3 0 180 easeOutCubic 3"
    },
    {
      "time":432,
      "name":"relativeCollumnEase",
      "data":"0 0 30 easeOutCubic 3"
    },
    {
      "time":432,
      "name":"setCollumnAngleEase",
      "data":"0 180 0 easeOutCubic 3"
    },
    {
      "time":433,
      "name":"relativeCollumnEase",
      "data":"1 0 30 easeOutCubic 3"
    },
    {
      "time":433,
      "name":"setCollumnAngleEase",
      "data":"1 180 0 easeOutCubic 3"
    },
    {
      "time":434,
      "name":"relativeCollumnEase",
      "data":"2 0 30 easeOutCubic 3"
    },
    {
      "time":434,
      "name":"setCollumnAngleEase",
      "data":"2 180 0 easeOutCubic 3"
    },
    {
      "time":435,
      "name":"relativeCollumnEase",
      "data":"3 0 30 easeOutCubic 3"
    },
    {
      "time":435,
      "name":"setCollumnAngleEase",
      "data":"3 180 0 easeOutCubic 3"
    },
    {
      "time":440,
      "name":"moveWindowEase",
      "data":"50 50 100 100 easeInOutBack 4"
    },
    {
      "time":440,
      "name":"setModPercent",
      "data":"beat 2"
    },
    {
      "time":445,
      "name":"moveWindowEase",
      "data":"100 100 0 0 easeInOutBack 4"
    },
    {
          "time":449,
          "name":"moveWindowEase",
          "data":"0 0 50 50 easeLinear 5"
    },

      {
        "time":455,
        "name":"setModPercent",
        "data":"beat 0"
      }


  ],
  "notes": [
	{
		"time": 8,
		"collumn": 0,
		"_type": 2
	},
	{
		"time": 8,
		"collumn": 3,
		"_type": 1
	},
	{
		"time": 24,
		"collumn": 2,
		"_type": 2
	},
	{
		"time": 32,
		"collumn": 1,
		"_type": 2
	},
	{
		"time": 40,
		"collumn": 3,
		"_type": 2
	},
	{
		"time": 48,
		"collumn": 2,
		"_type": 2
	},
	{
		"time": 56,
		"collumn": 1,
		"_type": 2
	},
	{
		"time": 64,
		"collumn": 0,
		"_type": 2
	},
	{
		"time": 72,
		"collumn": 0,
		"_type": 1
	},
	{
		"time": 72,
		"collumn": 3,
		"_type": 1
	},
	{
		"time": 73,
		"collumn": 3,
		"_type": 1
	},
	{
		"time": 73.75,
		"collumn": 2,
		"_type": 1
	},
	{
		"time": 74.25,
		"collumn": 1,
		"_type": 1
	},
	{
		"time": 74.5,
		"collumn": 2,
		"_type": 1
	},
	{
		"time": 75,
		"collumn": 3,
		"_type": 1
	},
	{
		"time": 75.5,
		"collumn": 1,
		"_type": 1
	},
	{
		"time": 76,
		"collumn": 2,
		"_type": 1
	},
	{
		"time": 77,
		"collumn": 0,
		"_type": 1
	},
	{
		"time": 77.75,
		"collumn": 1,
		"_type": 1
	},
	{
		"time": 78.25,
		"collumn": 2,
		"_type": 1
	},
	{
		"time": 78.5,
		"collumn": 1,
		"_type": 1
	},
	{
		"time": 79,
		"collumn": 0,
		"_type": 1
	},
	{
		"time": 79.5,
		"collumn": 3,
		"_type": 1
	},
	{
		"time": 79.75,
		"collumn": 1,
		"_type": 1
	},
	{
		"time": 80,
		"collumn": 3,
		"_type": 1
	},
	{
		"time": 81,
		"collumn": 0,
		"_type": 1
	},
	{
		"time": 81.75,
		"collumn": 3,
		"_type": 1
	},
	{
		"time": 82.25,
		"collumn": 2,
		"_type": 1
	},
	{
		"time": 82.5,
		"collumn": 1,
		"_type": 1
	},
	{
		"time": 83,
		"collumn": 2,
		"_type": 1
	},
	{
		"time": 83.5,
		"collumn": 3,
		"_type": 1
	},
	{
		"time": 84,
		"collumn": 1,
		"_type": 1
	},
	{
		"time": 85,
		"collumn": 2,
		"_type": 1
	},
	{
		"time": 85.75,
		"collumn": 0,
		"_type": 1
	},
	{
		"time": 86.25,
		"collumn": 1,
		"_type": 1
	},
	{
		"time": 86.5,
		"collumn": 2,
		"_type": 1
	},
	{
		"time": 87,
		"collumn": 1,
		"_type": 1
	},
	{
		"time": 87.25,
		"collumn": 0,
		"_type": 1
	},
	{
		"time": 87.5,
		"collumn": 1,
		"_type": 1
	},
	{
		"time": 87.75,
		"collumn": 0,
		"_type": 1
	},
	{
		"time": 88,
		"collumn": 3,
		"_type": 1
	},
	{
		"time": 89,
		"collumn": 0,
		"_type": 1
	},
	{
		"time": 89.75,
		"collumn": 2,
		"_type": 1
	},
	{
		"time": 90.25,
		"collumn": 1,
		"_type": 1
	},
	{
		"time": 90.5,
		"collumn": 2,
		"_type": 1
	},
	{
		"time": 91,
		"collumn": 0,
		"_type": 1
	},
	{
		"time": 91.5,
		"collumn": 1,
		"_type": 1
	},
	{
		"time": 92,
		"collumn": 2,
		"_type": 1
	},
	{
		"time": 93,
		"collumn": 3,
		"_type": 1
	},
	{
		"time": 93.75,
		"collumn": 1,
		"_type": 1
	},
	{
		"time": 94.25,
		"collumn": 2,
		"_type": 1
	},
	{
		"time": 94.5,
		"collumn": 1,
		"_type": 1
	},
	{
		"time": 95,
		"collumn": 3,
		"_type": 1
	},
	{
		"time": 95.5,
		"collumn": 0,
		"_type": 1
	},
	{
		"time": 95.75,
		"collumn": 1,
		"_type": 1
	},
	{
		"time": 96,
		"collumn": 0,
		"_type": 1
	},
	{
		"time": 97,
		"collumn": 2,
		"_type": 1
	},
	{
		"time": 97.75,
		"collumn": 0,
		"_type": 1
	},
	{
		"time": 98.25,
		"collumn": 3,
		"_type": 1
	},
	{
		"time": 98.5,
		"collumn": 2,
		"_type": 1
	},
	{
		"time": 99,
		"collumn": 1,
		"_type": 1
	},
	{
		"time": 99.5,
		"collumn": 2,
		"_type": 1
	},
	{
		"time": 100,
		"collumn": 2,
		"_type": 1
	},
	{
		"time": 100,
		"collumn": 3,
		"_type": 1
	},
	{
		"time": 101,
		"collumn": 3,
		"_type": 1
	},
	{
		"time": 101.75,
		"collumn": 2,
		"_type": 1
	},
	{
		"time": 102.25,
		"collumn": 1,
		"_type": 1
	},
	{
		"time": 102.75,
		"collumn": 2,
		"_type": 1
	},
	{
		"time": 103,
		"collumn": 3,
		"_type": 1
	},
	{
		"time": 104,
		"collumn": 3,
		"_type": 1
	},
	{
		"time": 104.75,
		"collumn": 3,
		"_type": 1
	},
	{
		"time": 105,
		"collumn": 1,
		"_type": 1
	},
	{
		"time": 105.5,
		"collumn": 3,
		"_type": 1
	},
	{
		"time": 106,
		"collumn": 2,
		"_type": 1
	},
	{
		"time": 106.75,
		"collumn": 2,
		"_type": 1
	},
	{
		"time": 107,
		"collumn": 1,
		"_type": 1
	},
	{
		"time": 107.5,
		"collumn": 2,
		"_type": 1
	},
	{
		"time": 108,
		"collumn": 3,
		"_type": 1
	},
	{
		"time": 108.75,
		"collumn": 3,
		"_type": 1
	},
	{
		"time": 109,
		"collumn": 0,
		"_type": 1
	},
	{
		"time": 109.5,
		"collumn": 3,
		"_type": 1
	},
	{
		"time": 110,
		"collumn": 1,
		"_type": 1
	},
	{
		"time": 110.75,
		"collumn": 1,
		"_type": 1
	},
	{
		"time": 111,
		"collumn": 2,
		"_type": 1
	},
	{
		"time": 111.5,
		"collumn": 1,
		"_type": 1
	},
	{
		"time": 112,
		"collumn": 3,
		"_type": 1
	},
	{
		"time": 112.75,
		"collumn": 3,
		"_type": 1
	},
	{
		"time": 113,
		"collumn": 2,
		"_type": 1
	},
	{
		"time": 113.5,
		"collumn": 3,
		"_type": 1
	},
	{
		"time": 114,
		"collumn": 0,
		"_type": 1
	},
	{
		"time": 114.75,
		"collumn": 0,
		"_type": 1
	},
	{
		"time": 115,
		"collumn": 2,
		"_type": 1
	},
	{
		"time": 115.5,
		"collumn": 0,
		"_type": 1
	},
	{
		"time": 116,
		"collumn": 1,
		"_type": 1
	},
	{
		"time": 116.75,
		"collumn": 1,
		"_type": 1
	},
	{
		"time": 117,
		"collumn": 2,
		"_type": 1
	},
	{
		"time": 117.5,
		"collumn": 1,
		"_type": 1
	},
	{
		"time": 118,
		"collumn": 0,
		"_type": 1
	},
	{
		"time": 118.75,
		"collumn": 0,
		"_type": 1
	},
	{
		"time": 119,
		"collumn": 2,
		"_type": 1
	},
	{
		"time": 119.5,
		"collumn": 0,
		"_type": 1
	},
	{
		"time": 119.75,
		"collumn": 1,
		"_type": 1
	},
	{
		"time": 120,
		"collumn": 0,
		"_type": 1
	},
	{
		"time": 120.5,
		"collumn": 2,
		"_type": 1
	},
	{
		"time": 121,
		"collumn": 0,
		"_type": 1
	},
	{
		"time": 121.5,
		"collumn": 2,
		"_type": 1
	},
	{
		"time": 122,
		"collumn": 1,
		"_type": 1
	},
	{
		"time": 122.5,
		"collumn": 3,
		"_type": 1
	},
	{
		"time": 123,
		"collumn": 1,
		"_type": 1
	},
	{
		"time": 123.5,
		"collumn": 3,
		"_type": 1
	},
	{
		"time": 124,
		"collumn": 0,
		"_type": 1
	},
	{
		"time": 124.5,
		"collumn": 1,
		"_type": 1
	},
	{
		"time": 125,
		"collumn": 0,
		"_type": 1
	},
	{
		"time": 125.5,
		"collumn": 1,
		"_type": 1
	},
	{
		"time": 126,
		"collumn": 2,
		"_type": 1
	},
	{
		"time": 126.5,
		"collumn": 3,
		"_type": 1
	},
	{
		"time": 127,
		"collumn": 2,
		"_type": 1
	},
	{
		"time": 127.5,
		"collumn": 3,
		"_type": 1
	},
	{
		"time": 128,
		"collumn": 0,
		"_type": 1
	},
	{
		"time": 128.25,
		"collumn": 3,
		"_type": 1
	},
	{
		"time": 128.5,
		"collumn": 0,
		"_type": 1
	},
	{
		"time": 128.75,
		"collumn": 3,
		"_type": 1
	},
	{
		"time": 129,
		"collumn": 0,
		"_type": 1
	},
	{
		"time": 129.25,
		"collumn": 3,
		"_type": 1
	},
	{
		"time": 129.5,
		"collumn": 0,
		"_type": 1
	},
	{
		"time": 129.75,
		"collumn": 3,
		"_type": 1
	},
	{
		"time": 130,
		"collumn": 0,
		"_type": 4
	},
	{
		"time": 130.25,
		"collumn": 3,
		"_type": 4
	},
	{
		"time": 136,
		"collumn": 3,
		"_type": 2
	},
	{
		"time": 137,
		"collumn": 1,
		"_type": 2
	},
	{
		"time": 138,
		"collumn": 2,
		"_type": 1
	},
	{
		"time": 138.25,
		"collumn": 0,
		"_type": 1
	},
	{
		"time": 138.5,
		"collumn": 2,
		"_type": 1
	},
	{
		"time": 138.75,
		"collumn": 0,
		"_type": 1
	},
	{
		"time": 139,
		"collumn": 1,
		"_type": 2
	},
	{
		"time": 139.75,
		"collumn": 2,
		"_type": 1
	},
	{
		"time": 140,
		"collumn": 3,
		"_type": 1
	},
	{
		"time": 140.5,
		"collumn": 0,
		"_type": 1
	},
	{
		"time": 141,
		"collumn": 2,
		"_type": 2
	},
	{
		"time": 141.75,
		"collumn": 1,
		"_type": 1
	},
	{
		"time": 142,
		"collumn": 3,
		"_type": 1
	},
	{
		"time": 142.25,
		"collumn": 1,
		"_type": 1
	},
	{
		"time": 142.5,
		"collumn": 3,
		"_type": 1
	},
	{
		"time": 143,
		"collumn": 0,
		"_type": 1
	},
	{
		"time": 143.75,
		"collumn": 1,
		"_type": 1
	},
	{
		"time": 144,
		"collumn": 2,
		"_type": 1
	},
	{
		"time": 144.5,
		"collumn": 3,
		"_type": 1
	},
	{
		"time": 145,
		"collumn": 0,
		"_type": 2
	},
	{
		"time": 146,
		"collumn": 2,
		"_type": 1
	},
	{
		"time": 146.25,
		"collumn": 1,
		"_type": 1
	},
	{
		"time": 146.5,
		"collumn": 2,
		"_type": 1
	},
	{
		"time": 146.75,
		"collumn": 1,
		"_type": 1
	},
	{
		"time": 147,
		"collumn": 3,
		"_type": 2
	},
	{
		"time": 147.75,
		"collumn": 0,
		"_type": 1
	},
	{
		"time": 148,
		"collumn": 1,
		"_type": 1
	},
	{
		"time": 148.5,
		"collumn": 2,
		"_type": 1
	},
	{
		"time": 148.75,
		"collumn": 1,
		"_type": 1
	},
	{
		"time": 149,
		"collumn": 0,
		"_type": 2
	},
	{
		"time": 149.5,
		"collumn": 2,
		"_type": 2
	},
	{
		"time": 150.25,
		"collumn": 1,
		"_type": 1
	},
	{
		"time": 150.75,
		"collumn": 2,
		"_type": 1
	},
	{
		"time": 151,
		"collumn": 0,
		"_type": 1
	},
	{
		"time": 151.25,
		"collumn": 1,
		"_type": 1
	},
	{
		"time": 151.5,
		"collumn": 0,
		"_type": 1
	},
	{
		"time": 151.75,
		"collumn": 1,
		"_type": 1
	},
	{
		"time": 152,
		"collumn": 2,
		"_type": 1
	},
	{
		"time": 152.5,
		"collumn": 3,
		"_type": 2
	},
	{
		"time": 153,
		"collumn": 0,
		"_type": 1
	},
	{
		"time": 153.5,
		"collumn": 2,
		"_type": 2
	},
	{
		"time": 154,
		"collumn": 1,
		"_type": 2
	},
	{
		"time": 155,
		"collumn": 3,
		"_type": 1
	},
	{
		"time": 155.75,
		"collumn": 2,
		"_type": 1
	},
	{
		"time": 156,
		"collumn": 3,
		"_type": 1
	},
	{
		"time": 156.75,
		"collumn": 1,
		"_type": 1
	},
	{
		"time": 157,
		"collumn": 2,
		"_type": 1
	},
	{
		"time": 157.5,
		"collumn": 0,
		"_type": 1
	},
	{
		"time": 157.75,
		"collumn": 1,
		"_type": 2
	},
	{
		"time": 158.5,
		"collumn": 2,
		"_type": 1
	},
	{
		"time": 159,
		"collumn": 3,
		"_type": 1
	},
	{
		"time": 159.5,
		"collumn": 0,
		"_type": 1
	},
	{
		"time": 160,
		"collumn": 2,
		"_type": 2
	},
	{
		"time": 160.75,
		"collumn": 0,
		"_type": 1
	},
	{
		"time": 161,
		"collumn": 1,
		"_type": 2
	},
	{
		"time": 161.75,
		"collumn": 2,
		"_type": 2
	},
	{
		"time": 162.25,
		"collumn": 3,
		"_type": 2
	},
	{
		"time": 163,
		"collumn": 0,
		"_type": 1
	},
	{
		"time": 163.75,
		"collumn": 2,
		"_type": 1
	},
	{
		"time": 164,
		"collumn": 0,
		"_type": 1
	},
	{
		"time": 164.75,
		"collumn": 1,
		"_type": 1
	},
	{
		"time": 165,
		"collumn": 2,
		"_type": 1
	},
	{
		"time": 165.5,
		"collumn": 3,
		"_type": 1
	},
	{
		"time": 166.25,
		"collumn": 0,
		"_type": 1
	},
	{
		"time": 167,
		"collumn": 2,
		"_type": 1
	},
	{
		"time": 167.25,
		"collumn": 1,
		"_type": 1
	},
	{
		"time": 167.5,
		"collumn": 2,
		"_type": 1
	},
	{
		"time": 167.75,
		"collumn": 1,
		"_type": 1
	},
	{
		"time": 168,
		"collumn": 3,
		"_type": 2
	},
	{
		"time": 169,
		"collumn": 0,
		"_type": 2
	},
	{
		"time": 169.75,
		"collumn": 1,
		"_type": 1
	},
	{
		"time": 170.25,
		"collumn": 2,
		"_type": 1
	},
	{
		"time": 171,
		"collumn": 3,
		"_type": 1
	},
	{
		"time": 171.75,
		"collumn": 1,
		"_type": 1
	},
	{
		"time": 172,
		"collumn": 2,
		"_type": 1
	},
	{
		"time": 172.5,
		"collumn": 0,
		"_type": 1
	},
	{
		"time": 172.75,
		"collumn": 2,
		"_type": 1
	},
	{
		"time": 173,
		"collumn": 1,
		"_type": 1
	},
	{
		"time": 173.5,
		"collumn": 3,
		"_type": 1
	},
	{
		"time": 173.75,
		"collumn": 0,
		"_type": 1
	},
	{
		"time": 174.5,
		"collumn": 1,
		"_type": 1
	},
	{
		"time": 175,
		"collumn": 2,
		"_type": 1
	},
	{
		"time": 175.5,
		"collumn": 3,
		"_type": 1
	},
	{
		"time": 176,
		"collumn": 0,
		"_type": 1
	},
	{
		"time": 176.75,
		"collumn": 2,
		"_type": 1
	},
	{
		"time": 177,
		"collumn": 1,
		"_type": 1
	},
	{
		"time": 177.5,
		"collumn": 3,
		"_type": 1
	},
	{
		"time": 177.75,
		"collumn": 1,
		"_type": 1
	},
	{
		"time": 178.25,
		"collumn": 2,
		"_type": 1
	},
	{
		"time": 179,
		"collumn": 0,
		"_type": 1
	},
	{
		"time": 179.75,
		"collumn": 1,
		"_type": 1
	},
	{
		"time": 180,
		"collumn": 2,
		"_type": 1
	},
	{
		"time": 180.5,
		"collumn": 3,
		"_type": 1
	},
	{
		"time": 180.75,
		"collumn": 2,
		"_type": 1
	},
	{
		"time": 181,
		"collumn": 3,
		"_type": 1
	},
	{
		"time": 181.5,
		"collumn": 0,
		"_type": 1
	},
	{
		"time": 181.75,
		"collumn": 2,
		"_type": 1
	},
	{
		"time": 182.25,
		"collumn": 1,
		"_type": 1
	},
	{
		"time": 182.75,
		"collumn": 2,
		"_type": 1
	},
	{
		"time": 183,
		"collumn": 0,
		"_type": 1
	},
	{
		"time": 183.25,
		"collumn": 3,
		"_type": 1
	},
	{
		"time": 183.5,
		"collumn": 0,
		"_type": 1
	},
	{
		"time": 183.75,
		"collumn": 3,
		"_type": 1
	},
	{
		"time": 184,
		"collumn": 0,
		"_type": 2
	},
	{
		"time": 185,
		"collumn": 1,
		"_type": 2
	},
	{
		"time": 185.75,
		"collumn": 2,
		"_type": 2
	},
	{
		"time": 186.25,
		"collumn": 3,
		"_type": 2
	},
	{
		"time": 187,
		"collumn": 0,
		"_type": 2
	},
	{
		"time": 187.75,
		"collumn": 1,
		"_type": 2
	},
	{
		"time": 188,
		"collumn": 2,
		"_type": 2
	},
	{
		"time": 188.75,
		"collumn": 3,
		"_type": 2
	},
	{
		"time": 189.5,
		"collumn": 0,
		"_type": 2
	},
	{
		"time": 190.5,
		"collumn": 1,
		"_type": 2
	},
	{
		"time": 191,
		"collumn": 2,
		"_type": 1
	},
	{
		"time": 191.5,
		"collumn": 3,
		"_type": 1
	},
	{
		"time": 192,
		"collumn": 0,
		"_type": 2
	},
	{
		"time": 193,
		"collumn": 3,
		"_type": 2
	},
	{
		"time": 193.5,
		"collumn": 1,
		"_type": 2
	},
	{
		"time": 194.25,
		"collumn": 2,
		"_type": 2
	},
	{
		"time": 195,
		"collumn": 0,
		"_type": 2
	},
	{
		"time": 195.75,
		"collumn": 3,
		"_type": 1
	},
	{
		"time": 196,
		"collumn": 0,
		"_type": 1
	},
	{
		"time": 196.75,
		"collumn": 1,
		"_type": 1
	},
	{
		"time": 197.5,
		"collumn": 2,
		"_type": 1
	},
	{
		"time": 198,
		"collumn": 3,
		"_type": 4
	},
	{
		"time": 198.5,
		"collumn": 2,
		"_type": 4
	},
	{
		"time": 199,
		"collumn": 1,
		"_type": 4
	},
	{
		"time": 199.5,
		"collumn": 0,
		"_type": 4
	},
	{
		"time": 200,
		"collumn": 3,
		"_type": 2
	},
	{
		"time": 201,
		"collumn": 2,
		"_type": 1
	},
	{
		"time": 203,
		"collumn": 2,
		"_type": 1
	},
	{
		"time": 205,
		"collumn": 2,
		"_type": 1
	},
	{
		"time": 207,
		"collumn": 2,
		"_type": 1
	},
	{
		"time": 209,
		"collumn": 2,
		"_type": 1
	},
	{
		"time": 210,
		"collumn": 2,
		"_type": 2
	},
	{
		"time": 211,
		"collumn": 1,
		"_type": 1
	},
	{
		"time": 212,
		"collumn": 1,
		"_type": 2
	},
	{
		"time": 213,
		"collumn": 0,
		"_type": 1
	},
	{
		"time": 214,
		"collumn": 0,
		"_type": 2
	},
	{
		"time": 215,
		"collumn": 3,
		"_type": 1
	},
	{
		"time": 216,
		"collumn": 3,
		"_type": 2
	},
	{
		"time": 217,
		"collumn": 1,
		"_type": 1
	},
	{
		"time": 218,
		"collumn": 1,
		"_type": 2
	},
	{
		"time": 219,
		"collumn": 3,
		"_type": 1
	},
	{
		"time": 221,
		"collumn": 3,
		"_type": 1
	},
	{
		"time": 223,
		"collumn": 3,
		"_type": 1
	},
	{
		"time": 224,
		"collumn": 3,
		"_type": 2
	},
	{
		"time": 225,
		"collumn": 2,
		"_type": 1
	},
	{
		"time": 226,
		"collumn": 2,
		"_type": 2
	},
	{
		"time": 227,
		"collumn": 1,
		"_type": 1
	},
	{
		"time": 229,
		"collumn": 1,
		"_type": 1
	},
	{
		"time": 231,
		"collumn": 1,
		"_type": 1
	},
	{
		"time": 232,
		"collumn": 1,
		"_type": 2
	},
	{
		"time": 233,
		"collumn": 0,
		"_type": 1
	},
	{
		"time": 234,
		"collumn": 0,
		"_type": 2
	},
	{
		"time": 235,
		"collumn": 3,
		"_type": 1
	},
	{
		"time": 237,
		"collumn": 3,
		"_type": 1
	},
	{
		"time": 239,
		"collumn": 3,
		"_type": 1
	},
	{
		"time": 240,
		"collumn": 3,
		"_type": 2
	},
	{
		"time": 241,
		"collumn": 1,
		"_type": 1
	},
	{
		"time": 242,
		"collumn": 1,
		"_type": 2
	},
	{
		"time": 243,
		"collumn": 2,
		"_type": 1
	},
	{
		"time": 245,
		"collumn": 2,
		"_type": 1
	},
	{
		"time": 247,
		"collumn": 2,
		"_type": 1
	},
	{
		"time": 248,
		"collumn": 2,
		"_type": 2
	},
	{
		"time": 249,
		"collumn": 0,
		"_type": 1
	},
	{
		"time": 250,
		"collumn": 0,
		"_type": 2
	},
	{
		"time": 251,
		"collumn": 3,
		"_type": 1
	},
	{
		"time": 253,
		"collumn": 3,
		"_type": 1
	},
	{
		"time": 255,
		"collumn": 3,
		"_type": 1
	},
	{
		"time": 256,
		"collumn": 3,
		"_type": 2
	},
	{
		"time": 257,
		"collumn": 2,
		"_type": 1
	},
	{
		"time": 258,
		"collumn": 2,
		"_type": 2
	},
	{
		"time": 259,
		"collumn": 1,
		"_type": 1
	},
	{
		"time": 261,
		"collumn": 1,
		"_type": 1
	},
	{
		"time": 263,
		"collumn": 1,
		"_type": 1
	},
	{
		"time": 264,
		"collumn": 1,
		"_type": 1
	},
	{
		"time": 265,
		"collumn": 0,
		"_type": 1
	},
	{
		"time": 265.5,
		"collumn": 1,
		"_type": 1
	},
	{
		"time": 266.5,
		"collumn": 1,
		"_type": 1
	},
	{
		"time": 267,
		"collumn": 0,
		"_type": 1
	},
	{
		"time": 268,
		"collumn": 3,
		"_type": 1
	},
	{
		"time": 269,
		"collumn": 1,
		"_type": 1
	},
	{
		"time": 269.5,
		"collumn": 3,
		"_type": 1
	},
	{
		"time": 270.5,
		"collumn": 3,
		"_type": 1
	},
	{
		"time": 271,
		"collumn": 1,
		"_type": 1
	},
	{
		"time": 272,
		"collumn": 1,
		"_type": 1
	},
	{
		"time": 273,
		"collumn": 2,
		"_type": 1
	},
	{
		"time": 273.5,
		"collumn": 0,
		"_type": 1
	},
	{
		"time": 274.5,
		"collumn": 0,
		"_type": 1
	},
	{
		"time": 275,
		"collumn": 2,
		"_type": 1
	},
	{
		"time": 276,
		"collumn": 0,
		"_type": 1
	},
	{
		"time": 277,
		"collumn": 1,
		"_type": 1
	},
	{
		"time": 278,
		"collumn": 0,
		"_type": 1
	},
	{
		"time": 278.5,
		"collumn": 0,
		"_type": 1
	},
	{
		"time": 279,
		"collumn": 1,
		"_type": 1
	},
	{
		"time": 280,
		"collumn": 2,
		"_type": 1
	},
	{
		"time": 281,
		"collumn": 3,
		"_type": 1
	},
	{
		"time": 281.5,
		"collumn": 2,
		"_type": 1
	},
	{
		"time": 282.5,
		"collumn": 2,
		"_type": 1
	},
	{
		"time": 283,
		"collumn": 3,
		"_type": 1
	},
	{
		"time": 284,
		"collumn": 1,
		"_type": 1
	},
	{
		"time": 285,
		"collumn": 2,
		"_type": 1
	},
	{
		"time": 285.5,
		"collumn": 1,
		"_type": 1
	},
	{
		"time": 286.5,
		"collumn": 1,
		"_type": 1
	},
	{
		"time": 287,
		"collumn": 2,
		"_type": 1
	},
	{
		"time": 288,
		"collumn": 2,
		"_type": 1
	},
	{
		"time": 289,
		"collumn": 0,
		"_type": 1
	},
	{
		"time": 289.5,
		"collumn": 1,
		"_type": 1
	},
	{
		"time": 290.5,
		"collumn": 1,
		"_type": 1
	},
	{
		"time": 291,
		"collumn": 0,
		"_type": 1
	},
	{
		"time": 292,
		"collumn": 3,
		"_type": 1
	},
	{
		"time": 293,
		"collumn": 1,
		"_type": 1
	},
	{
		"time": 294,
		"collumn": 3,
		"_type": 1
	},
	{
		"time": 294.5,
		"collumn": 3,
		"_type": 1
	},
	{
		"time": 295,
		"collumn": 1,
		"_type": 1
	},
	{
		"time": 296,
		"collumn": 3,
		"_type": 1
	},
	{
		"time": 296.75,
		"collumn": 3,
		"_type": 1
	},
	{
		"time": 297,
		"collumn": 2,
		"_type": 1
	},
	{
		"time": 297.5,
		"collumn": 3,
		"_type": 1
	},
	{
		"time": 298,
		"collumn": 1,
		"_type": 1
	},
	{
		"time": 298.75,
		"collumn": 1,
		"_type": 1
	},
	{
		"time": 299,
		"collumn": 2,
		"_type": 1
	},
	{
		"time": 299.5,
		"collumn": 1,
		"_type": 1
	},
	{
		"time": 300,
		"collumn": 3,
		"_type": 1
	},
	{
		"time": 300.75,
		"collumn": 3,
		"_type": 1
	},
	{
		"time": 301,
		"collumn": 0,
		"_type": 1
	},
	{
		"time": 301.5,
		"collumn": 3,
		"_type": 1
	},
	{
		"time": 302,
		"collumn": 2,
		"_type": 1
	},
	{
		"time": 302.75,
		"collumn": 2,
		"_type": 1
	},
	{
		"time": 303,
		"collumn": 1,
		"_type": 1
	},
	{
		"time": 303.5,
		"collumn": 2,
		"_type": 1
	},
	{
		"time": 304,
		"collumn": 3,
		"_type": 1
	},
	{
		"time": 304.75,
		"collumn": 3,
		"_type": 1
	},
	{
		"time": 305,
		"collumn": 1,
		"_type": 1
	},
	{
		"time": 305.5,
		"collumn": 3,
		"_type": 1
	},
	{
		"time": 306,
		"collumn": 0,
		"_type": 1
	},
	{
		"time": 306.75,
		"collumn": 0,
		"_type": 1
	},
	{
		"time": 307,
		"collumn": 1,
		"_type": 1
	},
	{
		"time": 307.5,
		"collumn": 0,
		"_type": 1
	},
	{
		"time": 308,
		"collumn": 2,
		"_type": 1
	},
	{
		"time": 308.75,
		"collumn": 2,
		"_type": 1
	},
	{
		"time": 309,
		"collumn": 1,
		"_type": 1
	},
	{
		"time": 309.5,
		"collumn": 2,
		"_type": 1
	},
	{
		"time": 310,
		"collumn": 0,
		"_type": 1
	},
	{
		"time": 310.75,
		"collumn": 0,
		"_type": 1
	},
	{
		"time": 311,
		"collumn": 1,
		"_type": 1
	},
	{
		"time": 311.5,
		"collumn": 0,
		"_type": 1
	},
	{
		"time": 311.75,
		"collumn": 2,
		"_type": 1
	},
	{
		"time": 312,
		"collumn": 0,
		"_type": 1
	},
	{
		"time": 312.5,
		"collumn": 1,
		"_type": 1
	},
	{
		"time": 313,
		"collumn": 0,
		"_type": 1
	},
	{
		"time": 313.5,
		"collumn": 1,
		"_type": 1
	},
	{
		"time": 314,
		"collumn": 2,
		"_type": 1
	},
	{
		"time": 314.5,
		"collumn": 3,
		"_type": 1
	},
	{
		"time": 315,
		"collumn": 2,
		"_type": 1
	},
	{
		"time": 315.5,
		"collumn": 3,
		"_type": 1
	},
	{
		"time": 316,
		"collumn": 0,
		"_type": 1
	},
	{
		"time": 316.5,
		"collumn": 2,
		"_type": 1
	},
	{
		"time": 317,
		"collumn": 0,
		"_type": 1
	},
	{
		"time": 317.5,
		"collumn": 2,
		"_type": 1
	},
	{
		"time": 318,
		"collumn": 1,
		"_type": 1
	},
	{
		"time": 318.5,
		"collumn": 3,
		"_type": 1
	},
	{
		"time": 319,
		"collumn": 1,
		"_type": 1
	},
	{
		"time": 319.5,
		"collumn": 3,
		"_type": 1
	},
	{
		"time": 320,
		"collumn": 2,
		"_type": 1
	},
	{
		"time": 320.25,
		"collumn": 1,
		"_type": 1
	},
	{
		"time": 320.5,
		"collumn": 2,
		"_type": 1
	},
	{
		"time": 320.75,
		"collumn": 1,
		"_type": 1
	},
	{
		"time": 321,
		"collumn": 2,
		"_type": 1
	},
	{
		"time": 321.25,
		"collumn": 1,
		"_type": 1
	},
	{
		"time": 321.5,
		"collumn": 2,
		"_type": 1
	},
	{
		"time": 321.75,
		"collumn": 1,
		"_type": 1
	},
	{
		"time": 322,
		"collumn": 2,
		"_type": 4
	},
	{
		"time": 322.25,
		"collumn": 1,
		"_type": 4
	},
	{
		"time": 328,
		"collumn": 0,
		"_type": 1
	},
	{
		"time": 328,
		"collumn": 3,
		"_type": 1
	},
	{
		"time": 334.667,
		"collumn": 0,
		"_type": 1
	},
	{
		"time": 335.333,
		"collumn": 1,
		"_type": 1
	},
	{
		"time": 336,
		"collumn": 2,
		"_type": 1
	},
	{
		"time": 340,
		"collumn": 3,
		"_type": 1
	},
	{
		"time": 344,
		"collumn": 1,
		"_type": 1
	},
	{
		"time": 346,
		"collumn": 3,
		"_type": 1
	},
	{
		"time": 350,
		"collumn": 0,
		"_type": 1
	},
	{
		"time": 352,
		"collumn": 1,
		"_type": 1
	},
	{
		"time": 360,
		"collumn": 2,
		"_type": 1
	},
	{
		"time": 360.75,
		"collumn": 2,
		"_type": 1
	},
	{
		"time": 361,
		"collumn": 3,
		"_type": 1
	},
	{
		"time": 361.5,
		"collumn": 2,
		"_type": 1
	},
	{
		"time": 362,
		"collumn": 1,
		"_type": 1
	},
	{
		"time": 362.75,
		"collumn": 1,
		"_type": 1
	},
	{
		"time": 363,
		"collumn": 0,
		"_type": 1
	},
	{
		"time": 363.5,
		"collumn": 1,
		"_type": 1
	},
	{
		"time": 364,
		"collumn": 0,
		"_type": 1
	},
	{
		"time": 364.75,
		"collumn": 0,
		"_type": 1
	},
	{
		"time": 365,
		"collumn": 2,
		"_type": 1
	},
	{
		"time": 365.5,
		"collumn": 0,
		"_type": 1
	},
	{
		"time": 366,
		"collumn": 3,
		"_type": 1
	},
	{
		"time": 366.75,
		"collumn": 3,
		"_type": 1
	},
	{
		"time": 367,
		"collumn": 2,
		"_type": 1
	},
	{
		"time": 367.5,
		"collumn": 3,
		"_type": 1
	},
	{
		"time": 368,
		"collumn": 1,
		"_type": 1
	},
	{
		"time": 368.75,
		"collumn": 1,
		"_type": 1
	},
	{
		"time": 369,
		"collumn": 2,
		"_type": 1
	},
	{
		"time": 369.5,
		"collumn": 1,
		"_type": 1
	},
	{
		"time": 370,
		"collumn": 3,
		"_type": 1
	},
	{
		"time": 370.75,
		"collumn": 3,
		"_type": 1
	},
	{
		"time": 371,
		"collumn": 2,
		"_type": 1
	},
	{
		"time": 371.5,
		"collumn": 3,
		"_type": 1
	},
	{
		"time": 372,
		"collumn": 0,
		"_type": 1
	},
	{
		"time": 372.75,
		"collumn": 0,
		"_type": 1
	},
	{
		"time": 373,
		"collumn": 2,
		"_type": 1
	},
	{
		"time": 373.5,
		"collumn": 0,
		"_type": 1
	},
	{
		"time": 374,
		"collumn": 1,
		"_type": 1
	},
	{
		"time": 374.75,
		"collumn": 1,
		"_type": 1
	},
	{
		"time": 375,
		"collumn": 2,
		"_type": 1
	},
	{
		"time": 375.5,
		"collumn": 1,
		"_type": 1
	},
	{
		"time": 375.75,
		"collumn": 2,
		"_type": 1
	},
	{
		"time": 376,
		"collumn": 3,
		"_type": 1
	},
	{
		"time": 376.5,
		"collumn": 1,
		"_type": 1
	},
	{
		"time": 377,
		"collumn": 3,
		"_type": 1
	},
	{
		"time": 377.5,
		"collumn": 1,
		"_type": 1
	},
	{
		"time": 378,
		"collumn": 2,
		"_type": 1
	},
	{
		"time": 378.5,
		"collumn": 0,
		"_type": 1
	},
	{
		"time": 379,
		"collumn": 2,
		"_type": 1
	},
	{
		"time": 379.5,
		"collumn": 0,
		"_type": 1
	},
	{
		"time": 380,
		"collumn": 3,
		"_type": 1
	},
	{
		"time": 380.5,
		"collumn": 2,
		"_type": 1
	},
	{
		"time": 381,
		"collumn": 3,
		"_type": 1
	},
	{
		"time": 381.5,
		"collumn": 2,
		"_type": 1
	},
	{
		"time": 382,
		"collumn": 1,
		"_type": 1
	},
	{
		"time": 382.5,
		"collumn": 0,
		"_type": 1
	},
	{
		"time": 383,
		"collumn": 1,
		"_type": 1
	},
	{
		"time": 383.5,
		"collumn": 0,
		"_type": 1
	},
	{
		"time": 384,
		"collumn": 3,
		"_type": 1
	},
	{
		"time": 384.25,
		"collumn": 0,
		"_type": 1
	},
	{
		"time": 384.5,
		"collumn": 3,
		"_type": 1
	},
	{
		"time": 384.75,
		"collumn": 0,
		"_type": 1
	},
	{
		"time": 385,
		"collumn": 3,
		"_type": 1
	},
	{
		"time": 385.25,
		"collumn": 0,
		"_type": 1
	},
	{
		"time": 385.5,
		"collumn": 3,
		"_type": 1
	},
	{
		"time": 385.75,
		"collumn": 0,
		"_type": 1
	},
	{
		"time": 386,
		"collumn": 3,
		"_type": 4
	},
	{
		"time": 386.25,
		"collumn": 0,
		"_type": 4
	},
	{
		"time": 392,
		"collumn": 1,
		"_type": 2
	},
	{
		"time": 392,
		"collumn": 2,
		"_type": 2
	},
	{
		"time": 398.5,
		"collumn": 3,
		"_type": 1
	},
	{
		"time": 399,
		"collumn": 0,
		"_type": 1
	},
	{
		"time": 399.5,
		"collumn": 1,
		"_type": 1
	},
	{
		"time": 399.75,
		"collumn": 0,
		"_type": 1
	},
	{
		"time": 400,
		"collumn": 2,
		"_type": 1
	},
	{
		"time": 400.75,
		"collumn": 2,
		"_type": 1
	},
	{
		"time": 401,
		"collumn": 1,
		"_type": 1
	},
	{
		"time": 401.5,
		"collumn": 3,
		"_type": 1
	},
	{
		"time": 402.25,
		"collumn": 0,
		"_type": 1
	},
	{
		"time": 403,
		"collumn": 1,
		"_type": 1
	},
	{
		"time": 403.75,
		"collumn": 0,
		"_type": 1
	},
	{
		"time": 404,
		"collumn": 3,
		"_type": 1
	},
	{
		"time": 404.5,
		"collumn": 0,
		"_type": 1
	},
	{
		"time": 404.75,
		"collumn": 2,
		"_type": 1
	},
	{
		"time": 405,
		"collumn": 1,
		"_type": 1
	},
	{
		"time": 405.5,
		"collumn": 3,
		"_type": 1
	},
	{
		"time": 406.25,
		"collumn": 2,
		"_type": 1
	},
	{
		"time": 407,
		"collumn": 1,
		"_type": 1
	},
	{
		"time": 407.25,
		"collumn": 0,
		"_type": 1
	},
	{
		"time": 407.5,
		"collumn": 1,
		"_type": 1
	},
	{
		"time": 407.75,
		"collumn": 0,
		"_type": 1
	},
	{
		"time": 408,
		"collumn": 3,
		"_type": 2
	},
	{
		"time": 410,
		"collumn": 2,
		"_type": 2
	},
	{
		"time": 414,
		"collumn": 1,
		"_type": 1
	},
	{
		"time": 414.5,
		"collumn": 0,
		"_type": 1
	},
	{
		"time": 415,
		"collumn": 3,
		"_type": 1
	},
	{
		"time": 415.5,
		"collumn": 1,
		"_type": 1
	},
	{
		"time": 416,
		"collumn": 3,
		"_type": 1
	},
	{
		"time": 416.75,
		"collumn": 3,
		"_type": 1
	},
	{
		"time": 417,
		"collumn": 2,
		"_type": 1
	},
	{
		"time": 417.5,
		"collumn": 1,
		"_type": 1
	},
	{
		"time": 418.25,
		"collumn": 2,
		"_type": 1
	},
	{
		"time": 419,
		"collumn": 3,
		"_type": 1
	},
	{
		"time": 419.75,
		"collumn": 0,
		"_type": 1
	},
	{
		"time": 420,
		"collumn": 2,
		"_type": 1
	},
	{
		"time": 420.5,
		"collumn": 1,
		"_type": 1
	},
	{
		"time": 420.75,
		"collumn": 2,
		"_type": 1
	},
	{
		"time": 421,
		"collumn": 0,
		"_type": 1
	},
	{
		"time": 421.5,
		"collumn": 1,
		"_type": 1
	},
	{
		"time": 422.25,
		"collumn": 2,
		"_type": 1
	},
	{
		"time": 423,
		"collumn": 3,
		"_type": 1
	},
	{
		"time": 423.25,
		"collumn": 0,
		"_type": 1
	},
	{
		"time": 423.5,
		"collumn": 3,
		"_type": 1
	},
	{
		"time": 423.75,
		"collumn": 0,
		"_type": 1
	},
	{
		"time": 424,
		"collumn": 3,
		"_type": 2
	},
	{
		"time": 425,
		"collumn": 0,
		"_type": 1
	},
	{
		"time": 425.75,
		"collumn": 2,
		"_type": 1
	},
	{
		"time": 426.25,
		"collumn": 1,
		"_type": 1
	},
	{
		"time": 427,
		"collumn": 3,
		"_type": 1
	},
	{
		"time": 427.75,
		"collumn": 2,
		"_type": 1
	},
	{
		"time": 428,
		"collumn": 3,
		"_type": 1
	},
	{
		"time": 428.5,
		"collumn": 1,
		"_type": 1
	},
	{
		"time": 428.75,
		"collumn": 2,
		"_type": 1
	},
	{
		"time": 429,
		"collumn": 0,
		"_type": 1
	},
	{
		"time": 429.5,
		"collumn": 3,
		"_type": 1
	},
	{
		"time": 430.5,
		"collumn": 0,
		"_type": 1
	},
	{
		"time": 431,
		"collumn": 2,
		"_type": 1
	},
	{
		"time": 431.5,
		"collumn": 1,
		"_type": 1
	},
	{
		"time": 432,
		"collumn": 3,
		"_type": 1
	},
	{
		"time": 432.75,
		"collumn": 3,
		"_type": 1
	},
	{
		"time": 433,
		"collumn": 2,
		"_type": 1
	},
	{
		"time": 433.5,
		"collumn": 1,
		"_type": 1
	},
	{
		"time": 434.25,
		"collumn": 2,
		"_type": 1
	},
	{
		"time": 435,
		"collumn": 3,
		"_type": 1
	},
	{
		"time": 435.75,
		"collumn": 1,
		"_type": 1
	},
	{
		"time": 436,
		"collumn": 3,
		"_type": 1
	},
	{
		"time": 436.5,
		"collumn": 0,
		"_type": 1
	},
	{
		"time": 436.75,
		"collumn": 3,
		"_type": 1
	},
	{
		"time": 437,
		"collumn": 2,
		"_type": 1
	},
	{
		"time": 437.5,
		"collumn": 1,
		"_type": 1
	},
	{
		"time": 438.25,
		"collumn": 0,
		"_type": 1
	},
	{
		"time": 439,
		"collumn": 3,
		"_type": 1
	},
	{
		"time": 439.25,
		"collumn": 0,
		"_type": 1
	},
	{
		"time": 439.5,
		"collumn": 3,
		"_type": 1
	},
	{
		"time": 439.75,
		"collumn": 0,
		"_type": 1
	},
	{
		"time": 440,
		"collumn": 3,
		"_type": 1
	},
	{
		"time": 441,
		"collumn": 0,
		"_type": 1
	},
	{
		"time": 442,
		"collumn": 0,
		"_type": 1
	},
	{
		"time": 442,
		"collumn": 1,
		"_type": 1
	},
	{
		"time": 443,
		"collumn": 0,
		"_type": 1
	},
	{
		"time": 444,
		"collumn": 2,
		"_type": 1
	},
	{
		"time": 445,
		"collumn": 1,
		"_type": 1
	},
	{
		"time": 446,
		"collumn": 1,
		"_type": 1
	},
	{
		"time": 446,
		"collumn": 3,
		"_type": 1
	},
	{
		"time": 447,
		"collumn": 1,
		"_type": 1
	},
	{
		"time": 448,
		"collumn": 1,
		"_type": 1
	},
	{
		"time": 448,
		"collumn": 2,
		"_type": 1
	},
	{
		"time": 448.75,
		"collumn": 1,
		"_type": 1
	},
	{
		"time": 448.75,
		"collumn": 2,
		"_type": 1
	},
	{
		"time": 449.5,
		"collumn": 1,
		"_type": 1
	},
	{
		"time": 449.5,
		"collumn": 2,
		"_type": 1
	},
	{
		"time": 450.25,
		"collumn": 0,
		"_type": 1
	},
	{
		"time": 450.25,
		"collumn": 3,
		"_type": 1
	},
	{
		"time": 451,
		"collumn": 0,
		"_type": 1
	},
	{
		"time": 451,
		"collumn": 3,
		"_type": 1
	},
	{
		"time": 451.75,
		"collumn": 0,
		"_type": 1
	},
	{
		"time": 451.75,
		"collumn": 3,
		"_type": 1
	},
	{
		"time": 452.25,
		"collumn": 0,
		"_type": 1
	},
	{
		"time": 452.5,
		"collumn": 2,
		"_type": 1
	},
	{
		"time": 453,
		"collumn": 0,
		"_type": 1
	},
	{
		"time": 453.25,
		"collumn": 2,
		"_type": 1
	},
	{
		"time": 453.75,
		"collumn": 0,
		"_type": 1
	},
	{
		"time": 454.25,
		"collumn": 3,
		"_type": 1
	},
	{
		"time": 454.5,
		"collumn": 2,
		"_type": 1
	},
	{
		"time": 455,
		"collumn": 3,
		"_type": 1
	},
	{
		"time": 455.25,
		"collumn": 2,
		"_type": 1
	},
	{
		"time": 455.5,
		"collumn": 3,
		"_type": 1
	},
	{
		"time": 455.75,
		"collumn": 2,
		"_type": 1
	},
  ]
}
