{
  "songName": "Natural",
  "bpm": 110,
  "offset": -0.559,
  "songPath": "song.mp3",
  "songAuthor": "Moe Shop",
  "chartAuthor": "Nytlaz",
  "_shufflePeriod": 0.5,
  "difficulty":4,
  "preview":44,
  "previewLength":5,
  "events": [

    {
      "time":20,
      "name":"setModPercentEase",
      "data":"afterimage 0 10 easeLinear 30"
    }
  ],
  "notes": [
	{
		"time": 16,
		"collumn": 0,
		"_type": 1
	},
	{
		"time": 16.5,
		"collumn": 0,
		"_type": 1
	},
	{
		"time": 17,
		"collumn": 0,
		"_type": 1
	},
	{
		"time": 17.5,
		"collumn": 0,
		"_type": 1
	},
	{
		"time": 18,
		"collumn": 0,
		"_type": 1
	},
	{
		"time": 18.5,
		"collumn": 3,
		"_type": 1
	},
	{
		"time": 19.75,
		"collumn": 2,
		"_type": 1
	},
	{
		"time": 20.333,
		"collumn": 1,
		"_type": 1
	},
	{
		"time": 20.5,
		"collumn": 2,
		"_type": 1
	},
	{
		"time": 21,
		"collumn": 3,
		"_type": 1
	},
	{
		"time": 21.5,
		"collumn": 1,
		"_type": 1
	},
	{
		"time": 22,
		"collumn": 2,
		"_type": 1
	},
	{
		"time": 23,
		"collumn": 0,
		"_type": 1
	},
	{
		"time": 23,
		"collumn": 1,
		"_type": 2
	},
	{
		"time": 23.5,
		"collumn": 2,
		"_type": 2
	},
	{
		"time": 24,
		"collumn": 3,
		"_type": 1
	},
	{
		"time": 24.5,
		"collumn": 0,
		"_type": 1
	},
	{
		"time": 25,
		"collumn": 2,
		"_type": 1
	},
	{
		"time": 25.5,
		"collumn": 0,
		"_type": 1
	},
	{
		"time": 26,
		"collumn": 1,
		"_type": 1
	},
	{
		"time": 26.5,
		"collumn": 2,
		"_type": 1
	},
	{
		"time": 27.75,
		"collumn": 1,
		"_type": 1
	},
	{
		"time": 28.333,
		"collumn": 2,
		"_type": 1
	},
	{
		"time": 28.5,
		"collumn": 1,
		"_type": 1
	},
	{
		"time": 29,
		"collumn": 0,
		"_type": 1
	},
	{
		"time": 29.5,
		"collumn": 2,
		"_type": 1
	},
	{
		"time": 30,
		"collumn": 1,
		"_type": 1
	},
	{
		"time": 32,
		"collumn": 0,
		"_type": 1
	},
	{
		"time": 32.5,
		"collumn": 3,
		"_type": 1
	},
	{
		"time": 33,
		"collumn": 2,
		"_type": 1
	},
	{
		"time": 33.5,
		"collumn": 3,
		"_type": 1
	},
	{
		"time": 34,
		"collumn": 1,
		"_type": 1
	},
	{
		"time": 34.5,
		"collumn": 2,
		"_type": 1
	},
	{
		"time": 35.75,
		"collumn": 1,
		"_type": 1
	},
	{
		"time": 36.333,
		"collumn": 2,
		"_type": 1
	},
	{
		"time": 36.5,
		"collumn": 1,
		"_type": 1
	},
	{
		"time": 37,
		"collumn": 3,
		"_type": 1
	},
	{
		"time": 37.5,
		"collumn": 2,
		"_type": 1
	},
	{
		"time": 38,
		"collumn": 1,
		"_type": 1
	},
	{
		"time": 39,
		"collumn": 1,
		"_type": 2
	},
	{
		"time": 39,
		"collumn": 3,
		"_type": 1
	},
	{
		"time": 39.5,
		"collumn": 2,
		"_type": 2
	},
	{
		"time": 40,
		"collumn": 0,
		"_type": 1
	},
	{
		"time": 40.5,
		"collumn": 3,
		"_type": 1
	},
	{
		"time": 41,
		"collumn": 2,
		"_type": 1
	},
	{
		"time": 41.5,
		"collumn": 3,
		"_type": 1
	},
	{
		"time": 42,
		"collumn": 1,
		"_type": 1
	},
	{
		"time": 42.5,
		"collumn": 2,
		"_type": 1
	},
	{
		"time": 43.75,
		"collumn": 1,
		"_type": 1
	},
	{
		"time": 44.333,
		"collumn": 2,
		"_type": 1
	},
	{
		"time": 44.5,
		"collumn": 1,
		"_type": 1
	},
	{
		"time": 45,
		"collumn": 0,
		"_type": 1
	},
	{
		"time": 45.5,
		"collumn": 1,
		"_type": 1
	},
	{
		"time": 46,
		"collumn": 3,
		"_type": 1
	},
	{
		"time": 46.5,
		"collumn": 0,
		"_type": 1
	},
	{
		"time": 46.75,
		"collumn": 1,
		"_type": 1
	},
	{
		"time": 47.25,
		"collumn": 2,
		"_type": 1
	},
	{
		"time": 47.5,
		"collumn": 3,
		"_type": 1
	},
	{
		"time": 47.75,
		"collumn": 2,
		"_type": 1
	},
	{
		"time": 48,
		"collumn": 3,
		"_type": 1
	},
	{
		"time": 48.5,
		"collumn": 0,
		"_type": 1
	},
	{
		"time": 49,
		"collumn": 1,
		"_type": 1
	},
	{
		"time": 49.5,
		"collumn": 0,
		"_type": 1
	},
	{
		"time": 50,
		"collumn": 3,
		"_type": 1
	},
	{
		"time": 50.5,
		"collumn": 1,
		"_type": 1
	},
	{
		"time": 51,
		"collumn": 2,
		"_type": 1
	},
	{
		"time": 51.5,
		"collumn": 1,
		"_type": 1
	},
	{
		"time": 52,
		"collumn": 2,
		"_type": 1
	},
	{
		"time": 52.5,
		"collumn": 0,
		"_type": 1
	},
	{
		"time": 53,
		"collumn": 1,
		"_type": 1
	},
	{
		"time": 53.5,
		"collumn": 2,
		"_type": 1
	},
	{
		"time": 54,
		"collumn": 3,
		"_type": 1
	},
	{
		"time": 54.5,
		"collumn": 1,
		"_type": 1
	},
	{
		"time": 55,
		"collumn": 2,
		"_type": 1
	},
	{
		"time": 55.5,
		"collumn": 0,
		"_type": 2
	},
	{
		"time": 55.5,
		"collumn": 2,
		"_type": 2
	},
	{
		"time": 57,
		"collumn": 3,
		"_type": 2
	},
	{
		"time": 58,
		"collumn": 0,
		"_type": 2
	},
	{
		"time": 58,
		"collumn": 1,
		"_type": 2
	},
	{
		"time": 59,
		"collumn": 2,
		"_type": 1
	},
	{
		"time": 59.5,
		"collumn": 3,
		"_type": 1
	},
	{
		"time": 60,
		"collumn": 1,
		"_type": 2
	},
	{
		"time": 61.5,
		"collumn": 2,
		"_type": 1
	},
	{
		"time": 62,
		"collumn": 0,
		"_type": 1
	},
	{
		"time": 62.5,
		"collumn": 1,
		"_type": 1
	},
	{
		"time": 63,
		"collumn": 2,
		"_type": 1
	},
	{
		"time": 63.5,
		"collumn": 2,
		"_type": 1
	},
	{
		"time": 64,
		"collumn": 2,
		"_type": 2
	},
	{
		"time": 64,
		"collumn": 3,
		"_type": 2
	},
	{
		"time": 65.5,
		"collumn": 0,
		"_type": 1
	},
	{
		"time": 66,
		"collumn": 1,
		"_type": 1
	},
	{
		"time": 66.5,
		"collumn": 0,
		"_type": 1
	},
	{
		"time": 67,
		"collumn": 2,
		"_type": 1
	},
	{
		"time": 67.5,
		"collumn": 1,
		"_type": 1
	},
	{
		"time": 68,
		"collumn": 3,
		"_type": 1
	},
	{
		"time": 69,
		"collumn": 1,
		"_type": 2
	},
	{
		"time": 69,
		"collumn": 3,
		"_type": 2
	},
	{
		"time": 69.5,
		"collumn": 2,
		"_type": 1
	},
	{
		"time": 70,
		"collumn": 0,
		"_type": 2
	},
	{
		"time": 70,
		"collumn": 1,
		"_type": 2
	},
	{
		"time": 71,
		"collumn": 3,
		"_type": 2
	},
	{
		"time": 71.5,
		"collumn": 2,
		"_type": 2
	},
	{
		"time": 71.75,
		"collumn": 3,
		"_type": 2
	},
	{
		"time": 72,
		"collumn": 2,
		"_type": 2
	},
	{
		"time": 72.25,
		"collumn": 1,
		"_type": 2
	},
	{
		"time": 72.5,
		"collumn": 0,
		"_type": 2
	},
	{
		"time": 72.75,
		"collumn": 1,
		"_type": 2
	},
	{
		"time": 73.5,
		"collumn": 0,
		"_type": 2
	},
	{
		"time": 74,
		"collumn": 1,
		"_type": 2
	},
	{
		"time": 74,
		"collumn": 3,
		"_type": 2
	},
	{
		"time": 75,
		"collumn": 1,
		"_type": 1
	},
	{
		"time": 75.5,
		"collumn": 3,
		"_type": 1
	},
	{
		"time": 76,
		"collumn": 2,
		"_type": 1
	},
	{
		"time": 77.5,
		"collumn": 1,
		"_type": 1
	},
	{
		"time": 78,
		"collumn": 0,
		"_type": 1
	},
	{
		"time": 78.5,
		"collumn": 2,
		"_type": 1
	},
	{
		"time": 79,
		"collumn": 1,
		"_type": 1
	},
	{
		"time": 80,
		"collumn": 3,
		"_type": 1
	},
	{
		"time": 80.5,
		"collumn": 3,
		"_type": 1
	},
	{
		"time": 81,
		"collumn": 0,
		"_type": 2
	},
	{
		"time": 81.25,
		"collumn": 3,
		"_type": 1
	},
	{
		"time": 81.5,
		"collumn": 1,
		"_type": 1
	},
	{
		"time": 81.75,
		"collumn": 2,
		"_type": 1
	},
	{
		"time": 82,
		"collumn": 1,
		"_type": 1
	},
	{
		"time": 82.5,
		"collumn": 2,
		"_type": 1
	},
	{
		"time": 82.75,
		"collumn": 1,
		"_type": 1
	},
	{
		"time": 83,
		"collumn": 2,
		"_type": 1
	},
	{
		"time": 83.5,
		"collumn": 0,
		"_type": 2
	},
	{
		"time": 84,
		"collumn": 1,
		"_type": 1
	},
	{
		"time": 84.25,
		"collumn": 0,
		"_type": 1
	},
	{
		"time": 84.5,
		"collumn": 1,
		"_type": 1
	},
	{
		"time": 84.75,
		"collumn": 0,
		"_type": 1
	},
	{
		"time": 85,
		"collumn": 3,
		"_type": 1
	},
	{
		"time": 85.25,
		"collumn": 2,
		"_type": 1
	},
	{
		"time": 85.5,
		"collumn": 3,
		"_type": 1
	},
	{
		"time": 85.75,
		"collumn": 2,
		"_type": 1
	},
	{
		"time": 86,
		"collumn": 3,
		"_type": 1
	},
	{
		"time": 86.25,
		"collumn": 1,
		"_type": 1
	},
	{
		"time": 86.5,
		"collumn": 3,
		"_type": 1
	},
	{
		"time": 86.75,
		"collumn": 1,
		"_type": 1
	},
	{
		"time": 87,
		"collumn": 2,
		"_type": 1
	},
	{
		"time": 87.25,
		"collumn": 0,
		"_type": 1
	},
	{
		"time": 87.5,
		"collumn": 2,
		"_type": 1
	},
	{
		"time": 87.75,
		"collumn": 0,
		"_type": 1
	},
	{
		"time": 88,
		"collumn": 3,
		"_type": 1
	},
	{
		"time": 88.5,
		"collumn": 3,
		"_type": 1
	},
	{
		"time": 89,
		"collumn": 0,
		"_type": 2
	},
	{
		"time": 89.25,
		"collumn": 3,
		"_type": 1
	},
	{
		"time": 89.5,
		"collumn": 2,
		"_type": 1
	},
	{
		"time": 89.75,
		"collumn": 1,
		"_type": 1
	},
	{
		"time": 90,
		"collumn": 2,
		"_type": 1
	},
	{
		"time": 90.5,
		"collumn": 1,
		"_type": 1
	},
	{
		"time": 90.75,
		"collumn": 2,
		"_type": 1
	},
	{
		"time": 91,
		"collumn": 1,
		"_type": 1
	},
	{
		"time": 91.5,
		"collumn": 0,
		"_type": 2
	},
	{
		"time": 92,
		"collumn": 2,
		"_type": 1
	},
	{
		"time": 92.25,
		"collumn": 0,
		"_type": 1
	},
	{
		"time": 92.5,
		"collumn": 2,
		"_type": 1
	},
	{
		"time": 92.75,
		"collumn": 0,
		"_type": 1
	},
	{
		"time": 93,
		"collumn": 3,
		"_type": 1
	},
	{
		"time": 93.25,
		"collumn": 1,
		"_type": 1
	},
	{
		"time": 93.5,
		"collumn": 3,
		"_type": 1
	},
	{
		"time": 93.75,
		"collumn": 1,
		"_type": 1
	},
	{
		"time": 94,
		"collumn": 3,
		"_type": 1
	},
	{
		"time": 94.25,
		"collumn": 2,
		"_type": 1
	},
	{
		"time": 94.5,
		"collumn": 3,
		"_type": 1
	},
	{
		"time": 94.75,
		"collumn": 2,
		"_type": 1
	},
	{
		"time": 95,
		"collumn": 1,
		"_type": 1
	},
	{
		"time": 95.25,
		"collumn": 0,
		"_type": 1
	},
	{
		"time": 95.5,
		"collumn": 1,
		"_type": 1
	},
	{
		"time": 95.75,
		"collumn": 0,
		"_type": 1
	},
	{
		"time": 96,
		"collumn": 3,
		"_type": 1
	},
	{
		"time": 96.5,
		"collumn": 3,
		"_type": 1
	},
	{
		"time": 97,
		"collumn": 0,
		"_type": 2
	},
	{
		"time": 97.25,
		"collumn": 3,
		"_type": 1
	},
	{
		"time": 97.5,
		"collumn": 1,
		"_type": 1
	},
	{
		"time": 97.75,
		"collumn": 2,
		"_type": 1
	},
	{
		"time": 98,
		"collumn": 1,
		"_type": 1
	},
	{
		"time": 98.5,
		"collumn": 2,
		"_type": 1
	},
	{
		"time": 98.75,
		"collumn": 1,
		"_type": 1
	},
	{
		"time": 99,
		"collumn": 2,
		"_type": 1
	},
	{
		"time": 99.5,
		"collumn": 0,
		"_type": 2
	},
	{
		"time": 100,
		"collumn": 1,
		"_type": 1
	},
	{
		"time": 100.25,
		"collumn": 2,
		"_type": 1
	},
	{
		"time": 100.5,
		"collumn": 1,
		"_type": 1
	},
	{
		"time": 100.75,
		"collumn": 2,
		"_type": 1
	},
	{
		"time": 101,
		"collumn": 3,
		"_type": 1
	},
	{
		"time": 101.25,
		"collumn": 0,
		"_type": 1
	},
	{
		"time": 101.5,
		"collumn": 3,
		"_type": 1
	},
	{
		"time": 101.75,
		"collumn": 0,
		"_type": 1
	},
	{
		"time": 102,
		"collumn": 2,
		"_type": 1
	},
	{
		"time": 102.25,
		"collumn": 1,
		"_type": 1
	},
	{
		"time": 102.5,
		"collumn": 2,
		"_type": 1
	},
	{
		"time": 102.75,
		"collumn": 1,
		"_type": 1
	},
	{
		"time": 103,
		"collumn": 3,
		"_type": 1
	},
	{
		"time": 103.25,
		"collumn": 0,
		"_type": 1
	},
	{
		"time": 103.5,
		"collumn": 3,
		"_type": 1
	},
	{
		"time": 103.75,
		"collumn": 0,
		"_type": 1
	},
	{
		"time": 104,
		"collumn": 3,
		"_type": 1
	},
	{
		"time": 104.5,
		"collumn": 3,
		"_type": 1
	},
	{
		"time": 105,
		"collumn": 0,
		"_type": 2
	},
	{
		"time": 105.25,
		"collumn": 3,
		"_type": 1
	},
	{
		"time": 105.5,
		"collumn": 2,
		"_type": 1
	},
	{
		"time": 105.75,
		"collumn": 1,
		"_type": 1
	},
	{
		"time": 106,
		"collumn": 2,
		"_type": 1
	},
	{
		"time": 106.5,
		"collumn": 1,
		"_type": 1
	},
	{
		"time": 106.75,
		"collumn": 2,
		"_type": 1
	},
	{
		"time": 107,
		"collumn": 1,
		"_type": 1
	},
	{
		"time": 107.5,
		"collumn": 0,
		"_type": 1
	},
	{
		"time": 108,
		"collumn": 0,
		"_type": 1
	},
	{
		"time": 108.5,
		"collumn": 0,
		"_type": 1
	},
	{
		"time": 109,
		"collumn": 0,
		"_type": 1
	},
	{
		"time": 109.5,
		"collumn": 0,
		"_type": 1
	},
	{
		"time": 110,
		"collumn": 0,
		"_type": 1
	},
	{
		"time": 110.5,
		"collumn": 0,
		"_type": 1
	},
	{
		"time": 112,
		"collumn": 0,
		"_type": 2
	},
	{
		"time": 112,
		"collumn": 1,
		"_type": 2
	},
	{
		"time": 112.75,
		"collumn": 2,
		"_type": 1
	},
	{
		"time": 113,
		"collumn": 1,
		"_type": 1
	},
	{
		"time": 113.25,
		"collumn": 2,
		"_type": 1
	},
	{
		"time": 113.5,
		"collumn": 0,
		"_type": 2
	},
	{
		"time": 113.5,
		"collumn": 2,
		"_type": 2
	},
	{
		"time": 114.25,
		"collumn": 2,
		"_type": 4
	},
	{
		"time": 114.5,
		"collumn": 1,
		"_type": 2
	},
	{
		"time": 115.25,
		"collumn": 3,
		"_type": 2
	},
	{
		"time": 115.75,
		"collumn": 0,
		"_type": 2
	},
	{
		"time": 116,
		"collumn": 2,
		"_type": 1
	},
	{
		"time": 116.25,
		"collumn": 0,
		"_type": 1
	},
	{
		"time": 116.5,
		"collumn": 3,
		"_type": 1
	},
	{
		"time": 116.75,
		"collumn": 1,
		"_type": 1
	},
	{
		"time": 117,
		"collumn": 2,
		"_type": 1
	},
	{
		"time": 117.25,
		"collumn": 0,
		"_type": 1
	},
	{
		"time": 117.5,
		"collumn": 3,
		"_type": 2
	},
	{
		"time": 118.25,
		"collumn": 2,
		"_type": 2
	},
	{
		"time": 118.5,
		"collumn": 3,
		"_type": 2
	},
	{
		"time": 119,
		"collumn": 0,
		"_type": 1
	},
	{
		"time": 119,
		"collumn": 1,
		"_type": 1
	},
	{
		"time": 119.75,
		"collumn": 2,
		"_type": 1
	},
	{
		"time": 120,
		"collumn": 3,
		"_type": 1
	},
	{
		"time": 120.75,
		"collumn": 0,
		"_type": 1
	},
	{
		"time": 121,
		"collumn": 2,
		"_type": 1
	},
	{
		"time": 121.25,
		"collumn": 1,
		"_type": 1
	},
	{
		"time": 121.5,
		"collumn": 3,
		"_type": 1
	},
	{
		"time": 122.25,
		"collumn": 1,
		"_type": 4
	},
	{
		"time": 122.5,
		"collumn": 2,
		"_type": 2
	},
	{
		"time": 123.25,
		"collumn": 0,
		"_type": 2
	},
	{
		"time": 123.75,
		"collumn": 3,
		"_type": 2
	},
	{
		"time": 124,
		"collumn": 1,
		"_type": 1
	},
	{
		"time": 124.25,
		"collumn": 3,
		"_type": 1
	},
	{
		"time": 124.5,
		"collumn": 0,
		"_type": 1
	},
	{
		"time": 124.75,
		"collumn": 1,
		"_type": 1
	},
	{
		"time": 125,
		"collumn": 2,
		"_type": 2
	},
	{
		"time": 125.5,
		"collumn": 1,
		"_type": 1
	},
	{
		"time": 125.75,
		"collumn": 2,
		"_type": 1
	},
	{
		"time": 126.25,
		"collumn": 3,
		"_type": 1
	},
	{
		"time": 126.5,
		"collumn": 0,
		"_type": 2
	},
	{
		"time": 127,
		"collumn": 1,
		"_type": 2
	},
	{
		"time": 127,
		"collumn": 3,
		"_type": 2
	},
	{
		"time": 127.5,
		"collumn": 2,
		"_type": 2
	},
	{
		"time": 128,
		"collumn": 3,
		"_type": 2
	},
	{
		"time": 128.75,
		"collumn": 2,
		"_type": 1
	},
	{
		"time": 129.25,
		"collumn": 1,
		"_type": 2
	},
	{
		"time": 129.5,
		"collumn": 0,
		"_type": 2
	},
	{
		"time": 130.25,
		"collumn": 3,
		"_type": 4
	},
	{
		"time": 130.5,
		"collumn": 2,
		"_type": 1
	},
	{
		"time": 131.25,
		"collumn": 1,
		"_type": 2
	},
	{
		"time": 131.75,
		"collumn": 0,
		"_type": 1
	},
	{
		"time": 132,
		"collumn": 3,
		"_type": 2
	},
	{
		"time": 132.5,
		"collumn": 0,
		"_type": 1
	},
	{
		"time": 132.75,
		"collumn": 1,
		"_type": 1
	},
	{
		"time": 133,
		"collumn": 0,
		"_type": 1
	},
	{
		"time": 133.25,
		"collumn": 2,
		"_type": 1
	},
	{
		"time": 133.5,
		"collumn": 0,
		"_type": 2
	},
	{
		"time": 134.25,
		"collumn": 3,
		"_type": 1
	},
	{
		"time": 134.5,
		"collumn": 1,
		"_type": 1
	},
	{
		"time": 135,
		"collumn": 2,
		"_type": 1
	},
	{
		"time": 135.75,
		"collumn": 2,
		"_type": 1
	},
	{
		"time": 136,
		"collumn": 1,
		"_type": 1
	},
	{
		"time": 136.75,
		"collumn": 3,
		"_type": 1
	},
	{
		"time": 137,
		"collumn": 0,
		"_type": 1
	},
	{
		"time": 137.25,
		"collumn": 1,
		"_type": 1
	},
	{
		"time": 137.5,
		"collumn": 2,
		"_type": 1
	},
	{
		"time": 138.25,
		"collumn": 1,
		"_type": 4
	},
	{
		"time": 138.5,
		"collumn": 2,
		"_type": 1
	},
	{
		"time": 139.25,
		"collumn": 3,
		"_type": 2
	},
	{
		"time": 139.75,
		"collumn": 1,
		"_type": 2
	},
	{
		"time": 140,
		"collumn": 2,
		"_type": 1
	},
	{
		"time": 140.5,
		"collumn": 0,
		"_type": 1
	},
	{
		"time": 140.75,
		"collumn": 1,
		"_type": 1
	},
	{
		"time": 141,
		"collumn": 0,
		"_type": 2
	},
	{
		"time": 141.75,
		"collumn": 1,
		"_type": 1
	},
	{
		"time": 142.25,
		"collumn": 1,
		"_type": 1
	},
	{
		"time": 142.5,
		"collumn": 0,
		"_type": 2
	},
	{
		"time": 143,
		"collumn": 3,
		"_type": 2
	},
	{
		"time": 143.5,
		"collumn": 3,
		"_type": 2
	},
	{
		"time": 144,
		"collumn": 0,
		"_type": 2
	},
	{
		"time": 144.75,
		"collumn": 1,
		"_type": 1
	},
	{
		"time": 145.25,
		"collumn": 2,
		"_type": 2
	},
	{
		"time": 145.5,
		"collumn": 3,
		"_type": 2
	},
	{
		"time": 146.25,
		"collumn": 0,
		"_type": 4
	},
	{
		"time": 146.5,
		"collumn": 1,
		"_type": 1
	},
	{
		"time": 147.25,
		"collumn": 2,
		"_type": 2
	},
	{
		"time": 147.75,
		"collumn": 3,
		"_type": 1
	},
	{
		"time": 148,
		"collumn": 0,
		"_type": 2
	},
	{
		"time": 148.5,
		"collumn": 3,
		"_type": 1
	},
	{
		"time": 148.75,
		"collumn": 2,
		"_type": 1
	},
	{
		"time": 149,
		"collumn": 3,
		"_type": 1
	},
	{
		"time": 149.25,
		"collumn": 1,
		"_type": 1
	},
	{
		"time": 149.5,
		"collumn": 3,
		"_type": 2
	},
	{
		"time": 150.25,
		"collumn": 0,
		"_type": 1
	},
	{
		"time": 150.5,
		"collumn": 2,
		"_type": 1
	},
	{
		"time": 151,
		"collumn": 1,
		"_type": 1
	},
	{
		"time": 151.75,
		"collumn": 1,
		"_type": 1
	},
	{
		"time": 152,
		"collumn": 2,
		"_type": 1
	},
	{
		"time": 152.75,
		"collumn": 0,
		"_type": 1
	},
	{
		"time": 153,
		"collumn": 3,
		"_type": 1
	},
	{
		"time": 153.25,
		"collumn": 2,
		"_type": 1
	},
	{
		"time": 153.5,
		"collumn": 1,
		"_type": 1
	},
	{
		"time": 154.25,
		"collumn": 2,
		"_type": 4
	},
	{
		"time": 154.5,
		"collumn": 1,
		"_type": 1
	},
	{
		"time": 155.25,
		"collumn": 0,
		"_type": 2
	},
	{
		"time": 155.75,
		"collumn": 2,
		"_type": 2
	},
	{
		"time": 156,
		"collumn": 1,
		"_type": 1
	},
	{
		"time": 156.5,
		"collumn": 3,
		"_type": 1
	},
	{
		"time": 156.75,
		"collumn": 2,
		"_type": 1
	},
	{
		"time": 157,
		"collumn": 3,
		"_type": 2
	},
	{
		"time": 157.75,
		"collumn": 2,
		"_type": 1
	},
	{
		"time": 158.25,
		"collumn": 2,
		"_type": 1
	},
	{
		"time": 158.5,
		"collumn": 3,
		"_type": 2
	},
	{
		"time": 159,
		"collumn": 0,
		"_type": 1
	},
	{
		"time": 159.25,
		"collumn": 1,
		"_type": 1
	},
	{
		"time": 159.5,
		"collumn": 0,
		"_type": 2
	},
	{
		"time": 160,
		"collumn": 3,
		"_type": 1
	},
	{
		"time": 160.5,
		"collumn": 3,
		"_type": 1
	},
	{
		"time": 161,
		"collumn": 3,
		"_type": 1
	},
	{
		"time": 161.5,
		"collumn": 3,
		"_type": 1
	},
	{
		"time": 162,
		"collumn": 2,
		"_type": 1
	},
	{
		"time": 162.5,
		"collumn": 2,
		"_type": 1
	},
	{
		"time": 163,
		"collumn": 1,
		"_type": 1
	},
	{
		"time": 163.5,
		"collumn": 1,
		"_type": 1
	},
	{
		"time": 164,
		"collumn": 1,
		"_type": 1
	},
	{
		"time": 164.5,
		"collumn": 1,
		"_type": 1
	},
	{
		"time": 165,
		"collumn": 1,
		"_type": 1
	},
	{
		"time": 165.5,
		"collumn": 1,
		"_type": 1
	},
	{
		"time": 166,
		"collumn": 0,
		"_type": 1
	},
	{
		"time": 166.5,
		"collumn": 0,
		"_type": 1
	},
	{
		"time": 167,
		"collumn": 0,
		"_type": 1
	},
	{
		"time": 167.5,
		"collumn": 1,
		"_type": 2
	},
	{
		"time": 168,
		"collumn": 0,
		"_type": 1
	},
	{
		"time": 168.5,
		"collumn": 0,
		"_type": 1
	},
	{
		"time": 169,
		"collumn": 0,
		"_type": 1
	},
	{
		"time": 169.5,
		"collumn": 0,
		"_type": 1
	},
	{
		"time": 170,
		"collumn": 1,
		"_type": 1
	},
	{
		"time": 170.5,
		"collumn": 1,
		"_type": 1
	},
	{
		"time": 171,
		"collumn": 2,
		"_type": 1
	},
	{
		"time": 171.5,
		"collumn": 2,
		"_type": 1
	},
	{
		"time": 172,
		"collumn": 3,
		"_type": 1
	},
	{
		"time": 172.5,
		"collumn": 3,
		"_type": 1
	},
	{
		"time": 173,
		"collumn": 3,
		"_type": 1
	},
	{
		"time": 173.5,
		"collumn": 3,
		"_type": 1
	},
	{
		"time": 174,
		"collumn": 0,
		"_type": 1
	},
	{
		"time": 174.5,
		"collumn": 0,
		"_type": 1
	},
	{
		"time": 175,
		"collumn": 0,
		"_type": 1
	},
	{
		"time": 175.5,
		"collumn": 2,
		"_type": 1
	},
	{
		"time": 175.75,
		"collumn": 1,
		"_type": 1
	},
	{
		"time": 176,
		"collumn": 2,
		"_type": 2
	},
	{
		"time": 176.5,
		"collumn": 1,
		"_type": 1
	},
	{
		"time": 177,
		"collumn": 1,
		"_type": 2
	},
	{
		"time": 177.5,
		"collumn": 3,
		"_type": 1
	},
	{
		"time": 178,
		"collumn": 2,
		"_type": 2
	},
	{
		"time": 178.5,
		"collumn": 1,
		"_type": 1
	},
	{
		"time": 179,
		"collumn": 0,
		"_type": 2
	},
	{
		"time": 180,
		"collumn": 0,
		"_type": 2
	},
	{
		"time": 180.5,
		"collumn": 3,
		"_type": 1
	},
	{
		"time": 181,
		"collumn": 0,
		"_type": 2
	},
	{
		"time": 181.5,
		"collumn": 2,
		"_type": 2
	},
	{
		"time": 182,
		"collumn": 1,
		"_type": 2
	},
	{
		"time": 182.5,
		"collumn": 2,
		"_type": 2
	},
	{
		"time": 183,
		"collumn": 0,
		"_type": 2
	},
	{
		"time": 184,
		"collumn": 1,
		"_type": 2
	},
	{
		"time": 184.5,
		"collumn": 2,
		"_type": 1
	},
	{
		"time": 185,
		"collumn": 2,
		"_type": 2
	},
	{
		"time": 185.5,
		"collumn": 3,
		"_type": 1
	},
	{
		"time": 186,
		"collumn": 1,
		"_type": 2
	},
	{
		"time": 186.5,
		"collumn": 2,
		"_type": 1
	},
	{
		"time": 187,
		"collumn": 0,
		"_type": 2
	},
	{
		"time": 188,
		"collumn": 2,
		"_type": 2
	},
	{
		"time": 189,
		"collumn": 2,
		"_type": 2
	},
	{
		"time": 190,
		"collumn": 0,
		"_type": 2
	},
	{
		"time": 191,
		"collumn": 1,
		"_type": 2
	},
	{
		"time": 191.5,
		"collumn": 2,
		"_type": 1
	},
	{
		"time": 192,
		"collumn": 1,
		"_type": 2
	},
	{
		"time": 192.5,
		"collumn": 2,
		"_type": 1
	},
	{
		"time": 193,
		"collumn": 1,
		"_type": 2
	},
	{
		"time": 193.5,
		"collumn": 0,
		"_type": 1
	},
	{
		"time": 194,
		"collumn": 2,
		"_type": 2
	},
	{
		"time": 194.5,
		"collumn": 1,
		"_type": 1
	},
	{
		"time": 195,
		"collumn": 3,
		"_type": 2
	},
	{
		"time": 196,
		"collumn": 3,
		"_type": 2
	},
	{
		"time": 196.5,
		"collumn": 0,
		"_type": 1
	},
	{
		"time": 197,
		"collumn": 3,
		"_type": 2
	},
	{
		"time": 197.5,
		"collumn": 2,
		"_type": 2
	},
	{
		"time": 198,
		"collumn": 1,
		"_type": 2
	},
	{
		"time": 198.5,
		"collumn": 2,
		"_type": 2
	},
	{
		"time": 199,
		"collumn": 3,
		"_type": 2
	},
	{
		"time": 200,
		"collumn": 1,
		"_type": 2
	},
	{
		"time": 200.5,
		"collumn": 2,
		"_type": 1
	},
	{
		"time": 201,
		"collumn": 2,
		"_type": 2
	},
	{
		"time": 201.5,
		"collumn": 0,
		"_type": 1
	},
	{
		"time": 202,
		"collumn": 1,
		"_type": 2
	},
	{
		"time": 202.5,
		"collumn": 2,
		"_type": 1
	},
	{
		"time": 203,
		"collumn": 3,
		"_type": 2
	},
	{
		"time": 204,
		"collumn": 0,
		"_type": 1
	},
	{
		"time": 204.5,
		"collumn": 1,
		"_type": 1
	},
	{
		"time": 205,
		"collumn": 0,
		"_type": 1
	},
	{
		"time": 206,
		"collumn": 3,
		"_type": 1
	},
	{
		"time": 206.5,
		"collumn": 2,
		"_type": 1
	},
	{
		"time": 207,
		"collumn": 3,
		"_type": 2
	},
	{
		"time": 207.5,
		"collumn": 1,
		"_type": 1
	},
	{
		"time": 208,
		"collumn": 1,
		"_type": 2
	},
	{
		"time": 208.5,
		"collumn": 2,
		"_type": 1
	},
	{
		"time": 209,
		"collumn": 2,
		"_type": 2
	},
	{
		"time": 209.5,
		"collumn": 0,
		"_type": 1
	},
	{
		"time": 210,
		"collumn": 1,
		"_type": 2
	},
	{
		"time": 210.5,
		"collumn": 2,
		"_type": 1
	},
	{
		"time": 211,
		"collumn": 3,
		"_type": 2
	},
	{
		"time": 212,
		"collumn": 3,
		"_type": 2
	},
	{
		"time": 212.5,
		"collumn": 0,
		"_type": 1
	},
	{
		"time": 213,
		"collumn": 3,
		"_type": 2
	},
	{
		"time": 213.5,
		"collumn": 1,
		"_type": 2
	},
	{
		"time": 214,
		"collumn": 2,
		"_type": 2
	},
	{
		"time": 214.5,
		"collumn": 1,
		"_type": 2
	},
	{
		"time": 215,
		"collumn": 3,
		"_type": 2
	},
	{
		"time": 216,
		"collumn": 2,
		"_type": 2
	},
	{
		"time": 216.5,
		"collumn": 1,
		"_type": 1
	},
	{
		"time": 217,
		"collumn": 1,
		"_type": 2
	},
	{
		"time": 217.5,
		"collumn": 0,
		"_type": 1
	},
	{
		"time": 218,
		"collumn": 2,
		"_type": 2
	},
	{
		"time": 218.5,
		"collumn": 1,
		"_type": 1
	},
	{
		"time": 219,
		"collumn": 3,
		"_type": 2
	},
	{
		"time": 220,
		"collumn": 1,
		"_type": 2
	},
	{
		"time": 221,
		"collumn": 1,
		"_type": 2
	},
	{
		"time": 222,
		"collumn": 3,
		"_type": 2
	},
	{
		"time": 223,
		"collumn": 2,
		"_type": 2
	},
	{
		"time": 223.5,
		"collumn": 1,
		"_type": 1
	},
	{
		"time": 224,
		"collumn": 2,
		"_type": 2
	},
	{
		"time": 224.5,
		"collumn": 1,
		"_type": 1
	},
	{
		"time": 225,
		"collumn": 2,
		"_type": 2
	},
	{
		"time": 225.5,
		"collumn": 3,
		"_type": 1
	},
	{
		"time": 226,
		"collumn": 1,
		"_type": 2
	},
	{
		"time": 226.5,
		"collumn": 2,
		"_type": 1
	},
	{
		"time": 227,
		"collumn": 0,
		"_type": 2
	},
	{
		"time": 228,
		"collumn": 0,
		"_type": 2
	},
	{
		"time": 228.5,
		"collumn": 3,
		"_type": 1
	},
	{
		"time": 229,
		"collumn": 0,
		"_type": 2
	},
	{
		"time": 229.5,
		"collumn": 1,
		"_type": 2
	},
	{
		"time": 230,
		"collumn": 2,
		"_type": 2
	},
	{
		"time": 230.5,
		"collumn": 1,
		"_type": 2
	},
	{
		"time": 231,
		"collumn": 0,
		"_type": 2
	},
	{
		"time": 232,
		"collumn": 2,
		"_type": 2
	},
	{
		"time": 232.5,
		"collumn": 1,
		"_type": 1
	},
	{
		"time": 233,
		"collumn": 1,
		"_type": 2
	},
	{
		"time": 233.5,
		"collumn": 3,
		"_type": 1
	},
	{
		"time": 234,
		"collumn": 2,
		"_type": 2
	},
	{
		"time": 234.5,
		"collumn": 1,
		"_type": 1
	},
	{
		"time": 235,
		"collumn": 0,
		"_type": 2
	},
	{
		"time": 236,
		"collumn": 3,
		"_type": 2
	},
	{
		"time": 238,
		"collumn": 0,
		"_type": 2
	},
	{
		"time": 240,
		"collumn": 0,
		"_type": 2
	},
	{
		"time": 240,
		"collumn": 3,
		"_type": 2
	},
  ],
  "_obstacles": []
}
