{
  "songName": "Metronome80",
  "songPath": "80bpm.mp3",
  "songAuthor": "Reaxt",
  "chartAuthor": "Reaxt",
  "bpm": 80,
  "offset": 0,
  "preview": 10,
  "difficulty":0,
  "events" : [],
  "notes": [
	{
	  "time":7,
	  "collumn":0
	},
	{
	  "time":8,
	  "collumn":1
	},
	{
	  "time":9,
	  "collumn":2
	},
	{
	  "time":10,
	  "collumn":3
	},
	{
	  "time":11,
	  "collumn":0
	},
	{
	  "time":12,
	  "collumn":1
	},
	{
	  "time":13,
	  "collumn":2
	},
	{
	  "time":14,
	  "collumn":3
	},
	{
	  "time":15,
	  "collumn":0
	},
	{
	  "time":16,
	  "collumn":1
	},
	{
	  "time":17,
	  "collumn":2
	},
	{
	  "time":18,
	  "collumn":3
	},
	{
	  "time":19,
	  "collumn":0
	},
	{
	  "time":20,
	  "collumn":1
	},
	{
	  "time":21,
	  "collumn":2
	},
	{
	  "time":22,
	  "collumn":3
	},
	{
	  "time":23,
	  "collumn":0
	},
	{
	  "time":24,
	  "collumn":1
	},
	{
	  "time":25,
	  "collumn":2
	},
	{
	  "time":26,
	  "collumn":3
	},
	{
	  "time":27,
	  "collumn":0
	},
	{
	  "time":28,
	  "collumn":1
	},
	{
	  "time":29,
	  "collumn":2
	},
	{
	  "time":30,
	  "collumn":3
	},
	{
	  "time":31,
	  "collumn":0
	},
	{
	  "time":32,
	  "collumn":1
	},
	{
	  "time":33,
	  "collumn":2
	},
	{
	  "time":34,
	  "collumn":3
	},
	{
	  "time":35,
	  "collumn":0
	},
	{
	  "time":36,
	  "collumn":1
	},
	{
	  "time":37,
	  "collumn":2
	},
	{
	  "time":38,
	  "collumn":3
	},
  ]
}
