{
  "songName": "Butterfly",
  "bpm": 134.922,
  "offset": -7.671,
  "songAuthor": "Smile.dk",
  "songPath": "song.mp3",
  "chartAuthor": "Konami",
  "difficulty":1,
  "events": [],
  "notes": [
	{
		"time": 18,
		"collumn": 3,
		"_type": 1
	},
	{
		"time": 19,
		"collumn": 3,
		"_type": 1
	},
	{
		"time": 22,
		"collumn": 0,
		"_type": 1
	},
	{
		"time": 23,
		"collumn": 0,
		"_type": 1
	},
	{
		"time": 25,
		"collumn": 3,
		"_type": 1
	},
	{
		"time": 27,
		"collumn": 0,
		"_type": 1
	},
	{
		"time": 30,
		"collumn": 3,
		"_type": 1
	},
	{
		"time": 31,
		"collumn": 3,
		"_type": 1
	},
	{
		"time": 34,
		"collumn": 0,
		"_type": 1
	},
	{
		"time": 35,
		"collumn": 0,
		"_type": 1
	},
	{
		"time": 38,
		"collumn": 3,
		"_type": 1
	},
	{
		"time": 39,
		"collumn": 3,
		"_type": 1
	},
	{
		"time": 41,
		"collumn": 0,
		"_type": 1
	},
	{
		"time": 43,
		"collumn": 3,
		"_type": 1
	},
	{
		"time": 46,
		"collumn": 0,
		"_type": 1
	},
	{
		"time": 47,
		"collumn": 0,
		"_type": 1
	},
	{
		"time": 49,
		"collumn": 2,
		"_type": 1
	},
	{
		"time": 50,
		"collumn": 2,
		"_type": 1
	},
	{
		"time": 52,
		"collumn": 3,
		"_type": 1
	},
	{
		"time": 54,
		"collumn": 0,
		"_type": 1
	},
	{
		"time": 56,
		"collumn": 3,
		"_type": 1
	},
	{
		"time": 58,
		"collumn": 0,
		"_type": 1
	},
	{
		"time": 60,
		"collumn": 3,
		"_type": 1
	},
	{
		"time": 63,
		"collumn": 0,
		"_type": 1
	},
	{
		"time": 65,
		"collumn": 2,
		"_type": 1
	},
	{
		"time": 66,
		"collumn": 2,
		"_type": 1
	},
	{
		"time": 68,
		"collumn": 3,
		"_type": 1
	},
	{
		"time": 70,
		"collumn": 0,
		"_type": 1
	},
	{
		"time": 72,
		"collumn": 3,
		"_type": 1
	},
	{
		"time": 74,
		"collumn": 0,
		"_type": 1
	},
	{
		"time": 76,
		"collumn": 3,
		"_type": 1
	},
	{
		"time": 79,
		"collumn": 0,
		"_type": 1
	},
	{
		"time": 81,
		"collumn": 3,
		"_type": 1
	},
	{
		"time": 83,
		"collumn": 3,
		"_type": 1
	},
	{
		"time": 85,
		"collumn": 0,
		"_type": 1
	},
	{
		"time": 87,
		"collumn": 0,
		"_type": 1
	},
	{
		"time": 89,
		"collumn": 3,
		"_type": 1
	},
	{
		"time": 91,
		"collumn": 3,
		"_type": 1
	},
	{
		"time": 93,
		"collumn": 0,
		"_type": 1
	},
	{
		"time": 95,
		"collumn": 0,
		"_type": 1
	},
	{
		"time": 98,
		"collumn": 3,
		"_type": 1
	},
	{
		"time": 99,
		"collumn": 3,
		"_type": 1
	},
	{
		"time": 102,
		"collumn": 0,
		"_type": 1
	},
	{
		"time": 103,
		"collumn": 0,
		"_type": 1
	},
	{
		"time": 105,
		"collumn": 3,
		"_type": 1
	},
	{
		"time": 107,
		"collumn": 0,
		"_type": 1
	},
	{
		"time": 110,
		"collumn": 3,
		"_type": 1
	},
	{
		"time": 111,
		"collumn": 3,
		"_type": 1
	},
	{
		"time": 114,
		"collumn": 0,
		"_type": 1
	},
	{
		"time": 115,
		"collumn": 0,
		"_type": 1
	},
	{
		"time": 118,
		"collumn": 3,
		"_type": 1
	},
	{
		"time": 119,
		"collumn": 3,
		"_type": 1
	},
	{
		"time": 121,
		"collumn": 0,
		"_type": 1
	},
	{
		"time": 123,
		"collumn": 3,
		"_type": 1
	},
	{
		"time": 126,
		"collumn": 0,
		"_type": 1
	},
	{
		"time": 127,
		"collumn": 0,
		"_type": 1
	},
	{
		"time": 129,
		"collumn": 2,
		"_type": 1
	},
	{
		"time": 130,
		"collumn": 2,
		"_type": 1
	},
	{
		"time": 132,
		"collumn": 3,
		"_type": 1
	},
	{
		"time": 134,
		"collumn": 0,
		"_type": 1
	},
	{
		"time": 136,
		"collumn": 3,
		"_type": 1
	},
	{
		"time": 138,
		"collumn": 0,
		"_type": 1
	},
	{
		"time": 140,
		"collumn": 3,
		"_type": 1
	},
	{
		"time": 143,
		"collumn": 0,
		"_type": 1
	},
	{
		"time": 145,
		"collumn": 2,
		"_type": 1
	},
	{
		"time": 146,
		"collumn": 2,
		"_type": 1
	},
	{
		"time": 148,
		"collumn": 3,
		"_type": 1
	},
	{
		"time": 150,
		"collumn": 0,
		"_type": 1
	},
	{
		"time": 152,
		"collumn": 3,
		"_type": 1
	},
	{
		"time": 154,
		"collumn": 0,
		"_type": 1
	},
	{
		"time": 156,
		"collumn": 3,
		"_type": 1
	},
	{
		"time": 159,
		"collumn": 0,
		"_type": 1
	},
	{
		"time": 161,
		"collumn": 2,
		"_type": 1
	},
	{
		"time": 163,
		"collumn": 2,
		"_type": 1
	},
	{
		"time": 165,
		"collumn": 2,
		"_type": 1
	},
	{
		"time": 167,
		"collumn": 2,
		"_type": 1
	},
	{
		"time": 169,
		"collumn": 2,
		"_type": 1
	},
	{
		"time": 171,
		"collumn": 2,
		"_type": 1
	},
	{
		"time": 173,
		"collumn": 2,
		"_type": 1
	},
	{
		"time": 175,
		"collumn": 0,
		"_type": 1
	},
	{
		"time": 177,
		"collumn": 2,
		"_type": 1
	},
	{
		"time": 179,
		"collumn": 2,
		"_type": 1
	},
	{
		"time": 181,
		"collumn": 2,
		"_type": 1
	},
	{
		"time": 183,
		"collumn": 2,
		"_type": 1
	},
	{
		"time": 185,
		"collumn": 2,
		"_type": 1
	},
	{
		"time": 187,
		"collumn": 2,
		"_type": 1
	},
	{
		"time": 189,
		"collumn": 1,
		"_type": 1
	},
	{
		"time": 191,
		"collumn": 3,
		"_type": 1
	},
  ]
}
