{
  "songPath": "song2.mp3",
  "bpm": 130,
  "offset": -0.272,
  "songName": "Broadcast",
  "songAuthor": "sakuraburt w/ shadient",
  "chartAuthor": "Halcyonix+Reaxt",
  "preview": 4,
  "difficulty": 5,
  "script": "TestScript.dll",
  "notes": [
    {
      "time": 60,
      "collumn": 3,
      "_type": 1
    },
    {
      "time": 60.5,
      "collumn": 0,
      "_type": 2
    },
    {
      "time": 61,
      "collumn": 2,
      "_type": 1
    },
    {
      "time": 62,
      "collumn": 1,
      "_type": 1
    },
    {
      "time": 62.5,
      "collumn": 3,
      "_type": 2
    },
    {
      "time": 63,
      "collumn": 0,
      "_type": 1
    },
    {
      "time": 63.5,
      "collumn": 3,
      "_type": 1
    },
    {
      "time": 63.75,
      "collumn": 2,
      "_type": 1
    },
    {
      "time": 64,
      "collumn": 1,
      "_type": 1
    },
    {
      "time": 64.5,
      "collumn": 0,
      "_type": 2
    },
    {
      "time": 65,
      "collumn": 3,
      "_type": 1
    },
    {
      "time": 66,
      "collumn": 1,
      "_type": 1
    },
    {
      "time": 66.5,
      "collumn": 2,
      "_type": 2
    },
    {
      "time": 67,
      "collumn": 0,
      "_type": 1
    },
    {
      "time": 67.5,
      "collumn": 3,
      "_type": 1
    },
    {
      "time": 67.75,
      "collumn": 0,
      "_type": 1
    },
    {
      "time": 68,
      "collumn": 1,
      "_type": 1
    },
    {
      "time": 68.5,
      "collumn": 2,
      "_type": 2
    },
    {
      "time": 69,
      "collumn": 3,
      "_type": 1
    },
    {
      "time": 70,
      "collumn": 0,
      "_type": 1
    },
    {
      "time": 70.5,
      "collumn": 3,
      "_type": 2
    },
    {
      "time": 71,
      "collumn": 2,
      "_type": 1
    },
    {
      "time": 71.5,
      "collumn": 1,
      "_type": 1
    },
    {
      "time": 71.75,
      "collumn": 0,
      "_type": 1
    },
    {
      "time": 72,
      "collumn": 3,
      "_type": 1
    },
    {
      "time": 72.5,
      "collumn": 1,
      "_type": 2
    },
    {
      "time": 73,
      "collumn": 2,
      "_type": 1
    },
    {
      "time": 74,
      "collumn": 0,
      "_type": 1
    },
    {
      "time": 74.5,
      "collumn": 3,
      "_type": 2
    },
    {
      "time": 75,
      "collumn": 2,
      "_type": 2
    },
    {
      "time": 76,
      "collumn": 1,
      "_type": 2
    },
    {
      "time": 76.75,
      "collumn": 0,
      "_type": 2
    },
    {
      "time": 77.5,
      "collumn": 3,
      "_type": 2
    },
    {
      "time": 78.25,
      "collumn": 1,
      "_type": 2
    },
    {
      "time": 79,
      "collumn": 2,
      "_type": 2
    },
    {
      "time": 79.75,
      "collumn": 0,
      "_type": 2
    },
    {
      "time": 80.5,
      "collumn": 3,
      "_type": 2
    },
    {
      "time": 81.25,
      "collumn": 2,
      "_type": 2
    },
    {
      "time": 82,
      "collumn": 1,
      "_type": 2
    },
    {
      "time": 82.75,
      "collumn": 2,
      "_type": 2
    },
    {
      "time": 83.5,
      "collumn": 3,
      "_type": 2
    },
    {
      "time": 84,
      "collumn": 0,
      "_type": 1
    },
    {
      "time": 84.5,
      "collumn": 2,
      "_type": 2
    },
    {
      "time": 85,
      "collumn": 1,
      "_type": 1
    },
    {
      "time": 85.5,
      "collumn": 2,
      "_type": 1
    },
    {
      "time": 86,
      "collumn": 3,
      "_type": 1
    },
    {
      "time": 86.5,
      "collumn": 2,
      "_type": 1
    },
    {
      "time": 87,
      "collumn": 0,
      "_type": 1
    },
    {
      "time": 87,
      "collumn": 1,
      "_type": 1
    },
    {
      "time": 87.5,
      "collumn": 3,
      "_type": 1
    },
    {
      "time": 87.75,
      "collumn": 0,
      "_type": 1
    },
    {
      "time": 88,
      "collumn": 3,
      "_type": 1
    },
    {
      "time": 88.5,
      "collumn": 2,
      "_type": 2
    },
    {
      "time": 89,
      "collumn": 3,
      "_type": 1
    },
    {
      "time": 89.5,
      "collumn": 1,
      "_type": 1
    },
    {
      "time": 89.75,
      "collumn": 1,
      "_type": 1
    },
    {
      "time": 90,
      "collumn": 0,
      "_type": 2
    },
    {
      "time": 91,
      "collumn": 3,
      "_type": 2
    },
    {
      "time": 100,
      "collumn": 0,
      "_type": 1
    },
    {
      "time": 100.5,
      "collumn": 3,
      "_type": 1
    },
    {
      "time": 101,
      "collumn": 1,
      "_type": 2
    },
    {
      "time": 102,
      "collumn": 2,
      "_type": 2
    },
    {
      "time": 103,
      "collumn": 0,
      "_type": 2
    },
    {
      "time": 104,
      "collumn": 3,
      "_type": 1
    },
    {
      "time": 104.5,
      "collumn": 2,
      "_type": 1
    },
    {
      "time": 105,
      "collumn": 1,
      "_type": 2
    },
    {
      "time": 106,
      "collumn": 3,
      "_type": 4
    },
    {
      "time": 107,
      "collumn": 1,
      "_type": 2
    },
    {
      "time": 108,
      "collumn": 2,
      "_type": 1
    },
    {
      "time": 108.5,
      "collumn": 3,
      "_type": 1
    },
    {
      "time": 109,
      "collumn": 0,
      "_type": 2
    },
    {
      "time": 110,
      "collumn": 2,
      "_type": 2
    },
    {
      "time": 111,
      "collumn": 1,
      "_type": 2
    },
    {
      "time": 112,
      "collumn": 3,
      "_type": 1
    },
    {
      "time": 112.5,
      "collumn": 0,
      "_type": 1
    },
    {
      "time": 113,
      "collumn": 2,
      "_type": 2
    },
    {
      "time": 114,
      "collumn": 3,
      "_type": 4
    },
    {
      "time": 115,
      "collumn": 2,
      "_type": 1
    },
    {
      "time": 115.25,
      "collumn": 0,
      "_type": 1
    },
    {
      "time": 115.5,
      "collumn": 2,
      "_type": 1
    },
    {
      "time": 115.75,
      "collumn": 0,
      "_type": 1
    },
    {
      "time": 116,
      "collumn": 3,
      "_type": 1
    },
    {
      "time": 116.5,
      "collumn": 0,
      "_type": 1
    },
    {
      "time": 117,
      "collumn": 3,
      "_type": 2
    },
    {
      "time": 118,
      "collumn": 1,
      "_type": 2
    },
    {
      "time": 119,
      "collumn": 2,
      "_type": 2
    },
    {
      "time": 120,
      "collumn": 0,
      "_type": 1
    },
    {
      "time": 120.5,
      "collumn": 1,
      "_type": 1
    },
    {
      "time": 121,
      "collumn": 2,
      "_type": 2
    },
    {
      "time": 122,
      "collumn": 3,
      "_type": 1
    },
    {
      "time": 123,
      "collumn": 1,
      "_type": 2
    },
    {
      "time": 123,
      "collumn": 3,
      "_type": 1
    },
    {
      "time": 124,
      "collumn": 2,
      "_type": 1
    },
    {
      "time": 124.5,
      "collumn": 0,
      "_type": 1
    },
    {
      "time": 125,
      "collumn": 3,
      "_type": 2
    },
    {
      "time": 126,
      "collumn": 0,
      "_type": 2
    },
    {
      "time": 127,
      "collumn": 1,
      "_type": 2
    },
    {
      "time": 128,
      "collumn": 2,
      "_type": 1
    },
    {
      "time": 128.5,
      "collumn": 3,
      "_type": 1
    },
    {
      "time": 129,
      "collumn": 1,
      "_type": 2
    },
    {
      "time": 130,
      "collumn": 0,
      "_type": 4
    },
    {
      "time": 131,
      "collumn": 1,
      "_type": 1
    },
    {
      "time": 131.25,
      "collumn": 3,
      "_type": 1
    },
    {
      "time": 131.5,
      "collumn": 1,
      "_type": 1
    },
    {
      "time": 131.75,
      "collumn": 3,
      "_type": 1
    },
    {
      "time": 132,
      "collumn": 0,
      "_type": 2
    },
    {
      "time": 134,
      "collumn": 3,
      "_type": 2
    },
    {
      "time": 136,
      "collumn": 2,
      "_type": 2
    },
    {
      "time": 148,
      "collumn": 1,
      "_type": 2
    },
    {
      "time": 152,
      "collumn": 0,
      "_type": 2
    },
    {
      "time": 156,
      "collumn": 3,
      "_type": 2
    },
    {
      "time": 163,
      "collumn": 1,
      "_type": 1
    },
    {
      "time": 163,
      "collumn": 3,
      "_type": 1
    },
    {
      "time": 164,
      "collumn": 0,
      "_type": 1
    },
    {
      "time": 164.75,
      "collumn": 3,
      "_type": 1
    },
    {
      "time": 165,
      "collumn": 1,
      "_type": 1
    },
    {
      "time": 165.5,
      "collumn": 3,
      "_type": 1
    },
    {
      "time": 165.75,
      "collumn": 0,
      "_type": 1
    },
    {
      "time": 166,
      "collumn": 1,
      "_type": 1
    },
    {
      "time": 166.25,
      "collumn": 2,
      "_type": 1
    },
    {
      "time": 166.75,
      "collumn": 3,
      "_type": 1
    },
    {
      "time": 167,
      "collumn": 0,
      "_type": 1
    },
    {
      "time": 167.5,
      "collumn": 2,
      "_type": 1
    },
    {
      "time": 168,
      "collumn": 0,
      "_type": 1
    },
    {
      "time": 168.75,
      "collumn": 3,
      "_type": 1
    },
    {
      "time": 169,
      "collumn": 1,
      "_type": 1
    },
    {
      "time": 169.5,
      "collumn": 2,
      "_type": 1
    },
    {
      "time": 169.75,
      "collumn": 0,
      "_type": 1
    },
    {
      "time": 170,
      "collumn": 3,
      "_type": 1
    },
    {
      "time": 170.25,
      "collumn": 2,
      "_type": 1
    },
    {
      "time": 170.75,
      "collumn": 1,
      "_type": 1
    },
    {
      "time": 171,
      "collumn": 0,
      "_type": 1
    },
    {
      "time": 171.5,
      "collumn": 3,
      "_type": 1
    },
    {
      "time": 172,
      "collumn": 0,
      "_type": 1
    },
    {
      "time": 172.75,
      "collumn": 3,
      "_type": 1
    },
    {
      "time": 173,
      "collumn": 1,
      "_type": 1
    },
    {
      "time": 173.5,
      "collumn": 3,
      "_type": 1
    },
    {
      "time": 173.75,
      "collumn": 0,
      "_type": 1
    },
    {
      "time": 174,
      "collumn": 1,
      "_type": 1
    },
    {
      "time": 174.25,
      "collumn": 2,
      "_type": 1
    },
    {
      "time": 174.75,
      "collumn": 3,
      "_type": 1
    },
    {
      "time": 175,
      "collumn": 0,
      "_type": 1
    },
    {
      "time": 175.5,
      "collumn": 2,
      "_type": 1
    },
    {
      "time": 176,
      "collumn": 1,
      "_type": 1
    },
    {
      "time": 176,
      "collumn": 2,
      "_type": 1
    },
    {
      "time": 177,
      "collumn": 0,
      "_type": 1
    },
    {
      "time": 177,
      "collumn": 3,
      "_type": 1
    },
    {
      "time": 178,
      "collumn": 0,
      "_type": 2
    },
    {
      "time": 178,
      "collumn": 1,
      "_type": 1
    },
    {
      "time": 179,
      "collumn": 2,
      "_type": 1
    },
    {
      "time": 179,
      "collumn": 3,
      "_type": 2
    },
    {
      "time": 180,
      "collumn": 0,
      "_type": 1
    },
    {
      "time": 180.75,
      "collumn": 3,
      "_type": 1
    },
    {
      "time": 181,
      "collumn": 2,
      "_type": 1
    },
    {
      "time": 181.5,
      "collumn": 3,
      "_type": 1
    },
    {
      "time": 181.75,
      "collumn": 0,
      "_type": 1
    },
    {
      "time": 182,
      "collumn": 2,
      "_type": 1
    },
    {
      "time": 182.25,
      "collumn": 1,
      "_type": 1
    },
    {
      "time": 182.75,
      "collumn": 3,
      "_type": 1
    },
    {
      "time": 183,
      "collumn": 0,
      "_type": 1
    },
    {
      "time": 183.5,
      "collumn": 1,
      "_type": 1
    },
    {
      "time": 184,
      "collumn": 0,
      "_type": 1
    },
    {
      "time": 184.75,
      "collumn": 3,
      "_type": 1
    },
    {
      "time": 185,
      "collumn": 2,
      "_type": 1
    },
    {
      "time": 185.5,
      "collumn": 1,
      "_type": 1
    },
    {
      "time": 185.75,
      "collumn": 0,
      "_type": 1
    },
    {
      "time": 186,
      "collumn": 3,
      "_type": 1
    },
    {
      "time": 186.25,
      "collumn": 1,
      "_type": 1
    },
    {
      "time": 186.75,
      "collumn": 2,
      "_type": 1
    },
    {
      "time": 187,
      "collumn": 0,
      "_type": 1
    },
    {
      "time": 187.5,
      "collumn": 3,
      "_type": 1
    },
    {
      "time": 188,
      "collumn": 0,
      "_type": 1
    },
    {
      "time": 188.75,
      "collumn": 3,
      "_type": 1
    },
    {
      "time": 189,
      "collumn": 2,
      "_type": 1
    },
    {
      "time": 189.5,
      "collumn": 3,
      "_type": 1
    },
    {
      "time": 189.75,
      "collumn": 0,
      "_type": 1
    },
    {
      "time": 190,
      "collumn": 2,
      "_type": 1
    },
    {
      "time": 190.25,
      "collumn": 1,
      "_type": 1
    },
    {
      "time": 190.75,
      "collumn": 3,
      "_type": 1
    },
    {
      "time": 191,
      "collumn": 0,
      "_type": 1
    },
    {
      "time": 191.5,
      "collumn": 1,
      "_type": 1
    },
    {
      "time": 192,
      "collumn": 0,
      "_type": 1
    },
    {
      "time": 192.5,
      "collumn": 3,
      "_type": 1
    },
    {
      "time": 193,
      "collumn": 1,
      "_type": 1
    },
    {
      "time": 193.5,
      "collumn": 3,
      "_type": 1
    },
    {
      "time": 194,
      "collumn": 0,
      "_type": 1
    },
    {
      "time": 194.5,
      "collumn": 3,
      "_type": 1
    },
    {
      "time": 195,
      "collumn": 2,
      "_type": 1
    },
    {
      "time": 196,
      "collumn": 1,
      "_type": 1
    },
    {
      "time": 196,
      "collumn": 2,
      "_type": 2
    },
    {
      "time": 197,
      "collumn": 1,
      "_type": 1
    },
    {
      "time": 197.5,
      "collumn": 0,
      "_type": 1
    },
    {
      "time": 198,
      "collumn": 0,
      "_type": 1
    },
    {
      "time": 198,
      "collumn": 3,
      "_type": 1
    },
    {
      "time": 198.75,
      "collumn": 3,
      "_type": 1
    },
    {
      "time": 199,
      "collumn": 0,
      "_type": 1
    },
    {
      "time": 199.25,
      "collumn": 3,
      "_type": 1
    },
    {
      "time": 199.5,
      "collumn": 1,
      "_type": 1
    },
    {
      "time": 200,
      "collumn": 1,
      "_type": 1
    },
    {
      "time": 200,
      "collumn": 2,
      "_type": 2
    },
    {
      "time": 200.75,
      "collumn": 0,
      "_type": 2
    },
    {
      "time": 200.75,
      "collumn": 3,
      "_type": 1
    },
    {
      "time": 201.5,
      "collumn": 3,
      "_type": 1
    },
    {
      "time": 202,
      "collumn": 0,
      "_type": 1
    },
    {
      "time": 202,
      "collumn": 3,
      "_type": 1
    },
    {
      "time": 202.75,
      "collumn": 0,
      "_type": 1
    },
    {
      "time": 203,
      "collumn": 1,
      "_type": 2
    },
    {
      "time": 203.5,
      "collumn": 2,
      "_type": 1
    },
    {
      "time": 204,
      "collumn": 1,
      "_type": 1
    },
    {
      "time": 204,
      "collumn": 2,
      "_type": 1
    },
    {
      "time": 205,
      "collumn": 3,
      "_type": 1
    },
    {
      "time": 206,
      "collumn": 0,
      "_type": 1
    },
    {
      "time": 206,
      "collumn": 2,
      "_type": 2
    },
    {
      "time": 206.75,
      "collumn": 0,
      "_type": 1
    },
    {
      "time": 207,
      "collumn": 3,
      "_type": 1
    },
    {
      "time": 207.25,
      "collumn": 2,
      "_type": 1
    },
    {
      "time": 207.5,
      "collumn": 1,
      "_type": 1
    },
    {
      "time": 208,
      "collumn": 0,
      "_type": 2
    },
    {
      "time": 208,
      "collumn": 1,
      "_type": 1
    },
    {
      "time": 208.75,
      "collumn": 1,
      "_type": 1
    },
    {
      "time": 208.75,
      "collumn": 3,
      "_type": 2
    },
    {
      "time": 209.5,
      "collumn": 0,
      "_type": 1
    },
    {
      "time": 209.75,
      "collumn": 3,
      "_type": 1
    },
    {
      "time": 210,
      "collumn": 2,
      "_type": 2
    },
    {
      "time": 210.75,
      "collumn": 1,
      "_type": 2
    },
    {
      "time": 212,
      "collumn": 0,
      "_type": 2
    },
    {
      "time": 212,
      "collumn": 1,
      "_type": 1
    },
    {
      "time": 213,
      "collumn": 3,
      "_type": 1
    },
    {
      "time": 213.25,
      "collumn": 1,
      "_type": 1
    },
    {
      "time": 213.5,
      "collumn": 2,
      "_type": 1
    },
    {
      "time": 214,
      "collumn": 1,
      "_type": 2
    },
    {
      "time": 214,
      "collumn": 2,
      "_type": 1
    },
    {
      "time": 215.25,
      "collumn": 3,
      "_type": 1
    },
    {
      "time": 215.5,
      "collumn": 1,
      "_type": 1
    },
    {
      "time": 216,
      "collumn": 0,
      "_type": 1
    },
    {
      "time": 216,
      "collumn": 2,
      "_type": 2
    },
    {
      "time": 216.75,
      "collumn": 0,
      "_type": 2
    },
    {
      "time": 216.75,
      "collumn": 3,
      "_type": 1
    },
    {
      "time": 218,
      "collumn": 1,
      "_type": 1
    },
    {
      "time": 218,
      "collumn": 2,
      "_type": 1
    },
    {
      "time": 218.75,
      "collumn": 3,
      "_type": 1
    },
    {
      "time": 219,
      "collumn": 0,
      "_type": 2
    },
    {
      "time": 219.5,
      "collumn": 1,
      "_type": 1
    },
    {
      "time": 220,
      "collumn": 2,
      "_type": 4
    },
    {
      "time": 221.5,
      "collumn": 3,
      "_type": 1
    },
    {
      "time": 222,
      "collumn": 0,
      "_type": 2
    },
    {
      "time": 222,
      "collumn": 3,
      "_type": 1
    },
    {
      "time": 222.75,
      "collumn": 1,
      "_type": 1
    },
    {
      "time": 222.75,
      "collumn": 2,
      "_type": 2
    },
    {
      "time": 224,
      "collumn": 0,
      "_type": 2
    },
    {
      "time": 224.813,
      "collumn": 3,
      "_type": 2
    },
    {
      "time": 228,
      "collumn": 0,
      "_type": 1
    },
    {
      "time": 228.5,
      "collumn": 3,
      "_type": 1
    },
    {
      "time": 229,
      "collumn": 2,
      "_type": 2
    },
    {
      "time": 230,
      "collumn": 1,
      "_type": 2
    },
    {
      "time": 231,
      "collumn": 0,
      "_type": 2
    },
    {
      "time": 232,
      "collumn": 3,
      "_type": 1
    },
    {
      "time": 232.5,
      "collumn": 1,
      "_type": 1
    },
    {
      "time": 233,
      "collumn": 2,
      "_type": 2
    },
    {
      "time": 234,
      "collumn": 3,
      "_type": 4
    },
    {
      "time": 235,
      "collumn": 2,
      "_type": 2
    },
    {
      "time": 236,
      "collumn": 1,
      "_type": 1
    },
    {
      "time": 236.5,
      "collumn": 3,
      "_type": 1
    },
    {
      "time": 237,
      "collumn": 0,
      "_type": 2
    },
    {
      "time": 238,
      "collumn": 1,
      "_type": 2
    },
    {
      "time": 239,
      "collumn": 2,
      "_type": 2
    },
    {
      "time": 240,
      "collumn": 3,
      "_type": 1
    },
    {
      "time": 240.5,
      "collumn": 0,
      "_type": 1
    },
    {
      "time": 241,
      "collumn": 1,
      "_type": 2
    },
    {
      "time": 242,
      "collumn": 3,
      "_type": 4
    },
    {
      "time": 243,
      "collumn": 1,
      "_type": 1
    },
    {
      "time": 243.25,
      "collumn": 0,
      "_type": 1
    },
    {
      "time": 243.5,
      "collumn": 1,
      "_type": 1
    },
    {
      "time": 243.75,
      "collumn": 0,
      "_type": 1
    },
    {
      "time": 244,
      "collumn": 3,
      "_type": 1
    },
    {
      "time": 244.5,
      "collumn": 0,
      "_type": 1
    },
    {
      "time": 245,
      "collumn": 3,
      "_type": 2
    },
    {
      "time": 246,
      "collumn": 2,
      "_type": 2
    },
    {
      "time": 247,
      "collumn": 1,
      "_type": 2
    },
    {
      "time": 248,
      "collumn": 0,
      "_type": 1
    },
    {
      "time": 248.5,
      "collumn": 2,
      "_type": 1
    },
    {
      "time": 249,
      "collumn": 1,
      "_type": 2
    },
    {
      "time": 250,
      "collumn": 3,
      "_type": 1
    },
    {
      "time": 251,
      "collumn": 2,
      "_type": 2
    },
    {
      "time": 251,
      "collumn": 3,
      "_type": 1
    },
    {
      "time": 252,
      "collumn": 1,
      "_type": 1
    },
    {
      "time": 252.5,
      "collumn": 0,
      "_type": 1
    },
    {
      "time": 253,
      "collumn": 3,
      "_type": 2
    },
    {
      "time": 254,
      "collumn": 0,
      "_type": 2
    },
    {
      "time": 255,
      "collumn": 2,
      "_type": 2
    },
    {
      "time": 256,
      "collumn": 1,
      "_type": 1
    },
    {
      "time": 256.5,
      "collumn": 3,
      "_type": 1
    },
    {
      "time": 257,
      "collumn": 2,
      "_type": 2
    },
    {
      "time": 258,
      "collumn": 0,
      "_type": 4
    },
    {
      "time": 259,
      "collumn": 2,
      "_type": 1
    },
    {
      "time": 259.25,
      "collumn": 3,
      "_type": 1
    },
    {
      "time": 259.5,
      "collumn": 2,
      "_type": 1
    },
    {
      "time": 259.75,
      "collumn": 3,
      "_type": 1
    },
    {
      "time": 260,
      "collumn": 0,
      "_type": 1
    },
    {
      "time": 261,
      "collumn": 0,
      "_type": 1
    },
    {
      "time": 261,
      "collumn": 3,
      "_type": 2
    },
    {
      "time": 262,
      "collumn": 1,
      "_type": 2
    },
    {
      "time": 263,
      "collumn": 2,
      "_type": 2
    },
    {
      "time": 264,
      "collumn": 0,
      "_type": 1
    },
    {
      "time": 264.5,
      "collumn": 1,
      "_type": 1
    },
    {
      "time": 265,
      "collumn": 2,
      "_type": 2
    },
    {
      "time": 266,
      "collumn": 0,
      "_type": 4
    },
    {
      "time": 267,
      "collumn": 2,
      "_type": 2
    },
    {
      "time": 268,
      "collumn": 1,
      "_type": 1
    },
    {
      "time": 268.5,
      "collumn": 0,
      "_type": 1
    },
    {
      "time": 269,
      "collumn": 3,
      "_type": 2
    },
    {
      "time": 270,
      "collumn": 1,
      "_type": 2
    },
    {
      "time": 271,
      "collumn": 2,
      "_type": 2
    },
    {
      "time": 272,
      "collumn": 0,
      "_type": 1
    },
    {
      "time": 272.5,
      "collumn": 3,
      "_type": 1
    },
    {
      "time": 273,
      "collumn": 1,
      "_type": 2
    },
    {
      "time": 274,
      "collumn": 0,
      "_type": 4
    },
    {
      "time": 275,
      "collumn": 1,
      "_type": 1
    },
    {
      "time": 275.25,
      "collumn": 3,
      "_type": 1
    },
    {
      "time": 275.5,
      "collumn": 1,
      "_type": 1
    },
    {
      "time": 275.75,
      "collumn": 3,
      "_type": 1
    },
    {
      "time": 276,
      "collumn": 0,
      "_type": 1
    },
    {
      "time": 276.5,
      "collumn": 3,
      "_type": 1
    },
    {
      "time": 277,
      "collumn": 0,
      "_type": 2
    },
    {
      "time": 278,
      "collumn": 2,
      "_type": 2
    },
    {
      "time": 279,
      "collumn": 1,
      "_type": 2
    },
    {
      "time": 280,
      "collumn": 3,
      "_type": 1
    },
    {
      "time": 280.5,
      "collumn": 2,
      "_type": 1
    },
    {
      "time": 281,
      "collumn": 1,
      "_type": 2
    },
    {
      "time": 282,
      "collumn": 0,
      "_type": 1
    },
    {
      "time": 283,
      "collumn": 0,
      "_type": 1
    },
    {
      "time": 283,
      "collumn": 2,
      "_type": 2
    },
    {
      "time": 284,
      "collumn": 1,
      "_type": 1
    },
    {
      "time": 284.5,
      "collumn": 3,
      "_type": 1
    },
    {
      "time": 285,
      "collumn": 0,
      "_type": 2
    },
    {
      "time": 286,
      "collumn": 3,
      "_type": 2
    },
    {
      "time": 287,
      "collumn": 2,
      "_type": 2
    },
    {
      "time": 288,
      "collumn": 1,
      "_type": 1
    },
    {
      "time": 288.5,
      "collumn": 0,
      "_type": 1
    },
    {
      "time": 289,
      "collumn": 2,
      "_type": 2
    },
    {
      "time": 290,
      "collumn": 3,
      "_type": 2
    },
    {
      "time": 291,
      "collumn": 2,
      "_type": 1
    },
    {
      "time": 291.25,
      "collumn": 0,
      "_type": 1
    },
    {
      "time": 291.5,
      "collumn": 2,
      "_type": 1
    },
    {
      "time": 291.75,
      "collumn": 0,
      "_type": 1
    },
    {
      "time": 292,
      "collumn": 3,
      "_type": 2
    }
  ],
  "events": [
    {
      "time": 84.45,
      "name": "freezeAllCollumnArrows",
      "data": 0
    },
    {
      "time": 84.5,
      "name": "freezeAllCollumnArrows",
      "data": 1
    },
    {
      "time": 84.95,
      "name": "freezeAllCollumnArrows",
      "data": 0
    },
    {
      "time": 85,
      "name": "freezeAllCollumnArrows",
      "data": 1
    },
    {
      "time": 85.45,
      "name": "freezeAllCollumnArrows",
      "data": 0
    },
    {
      "time": 85.5,
      "name": "freezeAllCollumnArrows",
      "data": 1
    },
    {
      "time": 85.95,
      "name": "freezeAllCollumnArrows",
      "data": 0
    },
    {
      "time": 86,
      "name": "freezeAllCollumnArrows",
      "data": 1
    },
    {
      "time": 86.45,
      "name": "freezeAllCollumnArrows",
      "data": 0
    },
    {
      "time": 86.5,
      "name": "freezeAllCollumnArrows",
      "data": 1
    },
    {
      "time": 86.95,
      "name": "freezeAllCollumnArrows",
      "data": 0
    },
    {
      "time": 87,
      "name": "freezeAllCollumnArrows",
      "data": 1
    },
    {
      "time": 86.95,
      "name": "freezeAllCollumnArrows",
      "data": 0
    },
    {
      "time": 87,
      "name": "freezeAllCollumnArrows",
      "data": 1
    },
    {
      "time": 87.45,
      "name": "freezeAllCollumnArrows",
      "data": 0
    },
    {
      "time": 87.5,
      "name": "freezeAllCollumnArrows",
      "data": 1
    },
    {
      "time": 87.7,
      "name": "freezeAllCollumnArrows",
      "data": 0
    },
    {
      "time": 87.75,
      "name": "freezeAllCollumnArrows",
      "data": 1
    },
    {
      "time": 87.95,
      "name": "freezeAllCollumnArrows",
      "data": 0
    },
    {
      "time": 88,
      "name": "freezeAllCollumnArrows",
      "data": 1
    },
    {
      "time": 88.45,
      "name": "freezeAllCollumnArrows",
      "data": 0
    },
    {
      "time": 88.5,
      "name": "freezeAllCollumnArrows",
      "data": 1
    },
    {
      "time": 88.95,
      "name": "freezeAllCollumnArrows",
      "data": 0
    },
    {
      "time": 89,
      "name": "freezeAllCollumnArrows",
      "data": 1
    },
    {
      "time": 89.45,
      "name": "freezeAllCollumnArrows",
      "data": 0
    },
    {
      "time": 89.5,
      "name": "freezeAllCollumnArrows",
      "data": 1
    },
    {
      "time": 89.7,
      "name": "freezeAllCollumnArrows",
      "data": 0
    },
    {
      "time": 89.75,
      "name": "freezeAllCollumnArrows",
      "data": 1
    },
    {
      "time": 89.95,
      "name": "freezeAllCollumnArrows",
      "data": 0
    },
    {
      "time": 90,
      "name": "freezeAllCollumnArrows",
      "data": 1
    },
    {
      "time": 90.95,
      "name": "freezeAllCollumnArrows",
      "data": 0
    },
    {
      "time": 91,
      "name": "freezeAllCollumnArrows",
      "data": 1
    },
    {
      "time": 84,
      "name": "setModPercent",
      "data": "bumpy 7"
    },
    {
      "time": 91.5,
      "name": "freezeAllCollumnArrows",
      "data": 0
    },
    {
      "time": 200,
      "name": "moveCollumnEase",
      "data": "3 0 0 -43 0 easeOutExpo 0.25"
    },
    {
      "time": 200,
      "name": "moveCollumnEase",
      "data": "0 0 0 43 0 easeOutExpo 0.25"
    },
    {
      "time": 200.75,
      "name": "moveCollumnEase",
      "data": "3 -43 0 0 0 easeOutExpo 0.25"
    },
    {
      "time": 200.75,
      "name": "moveCollumnEase",
      "data": "0 43 0 -0 0 easeOutExpo 0.25"
    },
    {
      "time": 202,
      "name": "moveCollumnEase",
      "data": "3 0 0 -43 0 easeOutExpo 0.25"
    },
    {
      "time": 202,
      "name": "moveCollumnEase",
      "data": "0 0 0 43 0 easeOutExpo 0.25"
    },
    {
      "time": 204,
      "name": "moveCollumnEase",
      "data": "3 -43 0 0 0 easeOutExpo 0.25"
    },
    {
      "time": 204,
      "name": "moveCollumnEase",
      "data": "0 43 0 -0 0 easeOutExpo 0.25"
    },
    {
      "time": 206,
      "name": "moveCollumnEase",
      "data": "3 0 0 -43 0 easeOutExpo 0.25"
    },
    {
      "time": 206,
      "name": "moveCollumnEase",
      "data": "0 0 0 43 0 easeOutExpo 0.25"
    },
    {
      "time": 208,
      "name": "moveCollumnEase",
      "data": "3 -43 0 0 0 easeOutExpo 0.25"
    },
    {
      "time": 208,
      "name": "moveCollumnEase",
      "data": "0 43 0 -0 0 easeOutExpo 0.25"
    },
    {
      "time": 208.75,
      "name": "moveCollumnEase",
      "data": "3 0 0 -43 0 easeOutExpo 0.25"
    },
    {
      "time": 208.75,
      "name": "moveCollumnEase",
      "data": "0 0 0 43 0 easeOutExpo 0.25"
    },
    {
      "time": 212,
      "name": "moveCollumnEase",
      "data": "3 -43 0 0 0 easeOutExpo 0.25"
    },
    {
      "time": 212,
      "name": "moveCollumnEase",
      "data": "0 43 0 -0 0 easeOutExpo 0.25"
    },
    {
      "time": 214,
      "name": "moveCollumnEase",
      "data": "3 0 0 -43 0 easeOutExpo 0.25"
    },
    {
      "time": 214,
      "name": "moveCollumnEase",
      "data": "0 0 0 43 0 easeOutExpo 0.25"
    },
    {
      "time": 216,
      "name": "moveCollumnEase",
      "data": "3 -43 0 0 0 easeOutExpo 0.25"
    },
    {
      "time": 216,
      "name": "moveCollumnEase",
      "data": "0 43 0 -0 0 easeOutExpo 0.25"
    },
    {
      "time": 216.75,
      "name": "moveCollumnEase",
      "data": "3 0 0 -43 0 easeOutExpo 0.25"
    },
    {
      "time": 216.75,
      "name": "moveCollumnEase",
      "data": "0 0 0 43 0 easeOutExpo 0.25"
    },
    {
      "time": 218,
      "name": "moveCollumnEase",
      "data": "3 -43 0 0 0 easeOutExpo 0.25"
    },
    {
      "time": 218,
      "name": "moveCollumnEase",
      "data": "0 43 0 -0 0 easeOutExpo 0.25"
    },
    {
      "time": 222,
      "name": "moveCollumnEase",
      "data": "3 0 0 -43 0 easeOutExpo 0.25"
    },
    {
      "time": 222,
      "name": "moveCollumnEase",
      "data": "0 0 0 43 0 easeOutExpo 0.25"
    },
    {
      "time": 222.75,
      "name": "moveCollumnEase",
      "data": "3 -43 0 0 0 easeOutExpo 0.25"
    },
    {
      "time": 222.75,
      "name": "moveCollumnEase",
      "data": "0 43 0 -0 0 easeOutExpo 0.25"
    },
    {
      "time": 258.95,
      "name": "freezeAllCollumnArrows",
      "data": 0
    },
    {
      "time": 259,
      "name": "freezeAllCollumnArrows",
      "data": 1
    },
    {
      "time": 259.2,
      "name": "freezeAllCollumnArrows",
      "data": 0
    },
    {
      "time": 259.25,
      "name": "freezeAllCollumnArrows",
      "data": 1
    },
    {
      "time": 259.45,
      "name": "freezeAllCollumnArrows",
      "data": 0
    },
    {
      "time": 259.5,
      "name": "freezeAllCollumnArrows",
      "data": 1
    },
    {
      "time": 259.7,
      "name": "freezeAllCollumnArrows",
      "data": 0
    },
    {
      "time": 259.75,
      "name": "freezeAllCollumnArrows",
      "data": 1
    },
    {
      "time": 260,
      "name": "freezeAllCollumnArrows",
      "data": 0
    }
  ]
}