{"songPath":"song.mp3","bpm":138.0,"offset":1.6,"songName":"Bad Apple","songAuthor":"Alstroemeria Records","chartAuthor":"unknown","preview":52.23,"notes":[{"time":37.0,"collumn":0},{"time":38.0,"collumn":1},{"time":38.5,"collumn":2},{"time":39.0,"collumn":3},{"time":40.0,"collumn":1},{"time":40.5,"collumn":2},{"time":41.0,"collumn":0},{"time":42.0,"collumn":3},{"time":42.5,"collumn":2},{"time":43.0,"collumn":1},{"time":44.0,"collumn":0},{"time":45.0,"collumn":2},{"time":46.0,"collumn":1},{"time":46.5,"collumn":3},{"time":47.0,"collumn":0},{"time":48.0,"collumn":2},{"time":48.5,"collumn":1},{"time":49.0,"collumn":3},{"time":50.0,"collumn":0},{"time":50.5,"collumn":1},{"time":51.0,"collumn":2},{"time":52.0,"collumn":3},{"time":53.0,"collumn":0},{"time":54.0,"collumn":1},{"time":54.5,"collumn":2},{"time":55.0,"collumn":3},{"time":56.0,"collumn":1},{"time":56.5,"collumn":2},{"time":57.0,"collumn":0},{"time":58.0,"collumn":3},{"time":58.5,"collumn":1},{"time":59.0,"collumn":2},{"time":60.0,"collumn":0},{"time":61.0,"collumn":2},{"time":62.0,"collumn":1},{"time":62.5,"collumn":3},{"time":63.0,"collumn":0},{"time":64.0,"collumn":3},{"time":64.5,"collumn":2},{"time":65.0,"collumn":1},{"time":66.0,"collumn":0},{"time":66.5,"collumn":1},{"time":67.0,"collumn":2},{"time":67.5,"collumn":3},{"time":68.0,"collumn":2},{"time":68.5,"collumn":3},{"time":69.0,"collumn":0},{"time":70.0,"collumn":1},{"time":71.0,"collumn":2},{"time":72.0,"collumn":3},{"time":73.0,"collumn":3},{"time":74.0,"collumn":1},{"time":75.0,"collumn":2},{"time":76.0,"collumn":0},{"time":76.5,"collumn":1},{"time":77.0,"collumn":1},{"time":78.0,"collumn":2},{"time":79.0,"collumn":3},{"time":80.0,"collumn":1},{"time":81.0,"collumn":2},{"time":82.0,"collumn":2},{"time":83.0,"collumn":0},{"time":83.5,"collumn":1},{"time":84.0,"collumn":2},{"time":85.0,"collumn":2},{"time":85.0,"collumn":3},{"time":86.0,"collumn":3},{"time":87.0,"collumn":1},{"time":88.0,"collumn":2},{"time":89.0,"collumn":0},{"time":90.0,"collumn":2},{"time":91.0,"collumn":1},{"time":92.0,"collumn":3},{"time":92.5,"collumn":3},{"time":93.0,"collumn":2},{"time":94.0,"collumn":1},{"time":95.0,"collumn":0},{"time":96.0,"collumn":2},{"time":97.0,"collumn":1},{"time":98.0,"collumn":2},{"time":99.0,"collumn":0},{"time":99.5,"collumn":1},{"time":100.0,"collumn":2},{"time":100.5,"collumn":3},{"time":101.0,"collumn":0},{"time":102.0,"collumn":2},{"time":103.0,"collumn":1},{"time":104.0,"collumn":3},{"time":105.0,"collumn":2},{"time":106.0,"collumn":1},{"time":107.0,"collumn":0},{"time":108.0,"collumn":2},{"time":108.5,"collumn":1},{"time":109.0,"collumn":1},{"time":110.0,"collumn":3},{"time":111.0,"collumn":2},{"time":112.0,"collumn":1},{"time":113.0,"collumn":0},{"time":114.0,"collumn":2},{"time":115.0,"collumn":1},{"time":115.5,"collumn":3},{"time":116.0,"collumn":0},{"time":117.0,"collumn":0},{"time":117.0,"collumn":3},{"time":118.0,"collumn":1},{"time":119.0,"collumn":2},{"time":120.0,"collumn":0},{"time":121.0,"collumn":2},{"time":122.0,"collumn":1},{"time":123.0,"collumn":3},{"time":124.0,"collumn":2},{"time":124.5,"collumn":1},{"time":125.0,"collumn":1},{"time":126.0,"collumn":0},{"time":127.0,"collumn":1},{"time":128.0,"collumn":2},{"time":129.0,"collumn":3},{"time":130.0,"collumn":3},{"time":131.0,"collumn":0},{"time":132.0,"collumn":0},{"time":133.0,"collumn":0},{"time":133.0,"collumn":3},{"time":134.0,"collumn":3},{"time":135.0,"collumn":1},{"time":136.0,"collumn":2},{"time":137.0,"collumn":0},{"time":138.0,"collumn":2},{"time":139.0,"collumn":0},{"time":140.0,"collumn":2},{"time":140.5,"collumn":1},{"time":141.0,"collumn":1},{"time":142.0,"collumn":3},{"time":143.0,"collumn":2},{"time":144.0,"collumn":1},{"time":145.0,"collumn":0},{"time":146.0,"collumn":2},{"time":147.0,"collumn":1},{"time":147.5,"collumn":3},{"time":148.0,"collumn":0},{"time":149.0,"collumn":0},{"time":149.0,"collumn":3},{"time":150.0,"collumn":3},{"time":151.0,"collumn":1},{"time":152.0,"collumn":2},{"time":153.0,"collumn":0},{"time":154.0,"collumn":2},{"time":155.0,"collumn":1},{"time":156.0,"collumn":3},{"time":156.5,"collumn":0},{"time":157.0,"collumn":0},{"time":158.0,"collumn":3},{"time":159.0,"collumn":2},{"time":160.0,"collumn":1},{"time":161.0,"collumn":0},{"time":162.0,"collumn":2},{"time":163.0,"collumn":1},{"time":163.5,"collumn":3},{"time":164.0,"collumn":1},{"time":164.5,"collumn":2},{"time":165.0,"collumn":0},{"time":165.0,"collumn":2},{"time":166.0,"collumn":0},{"time":166.0,"collumn":2},{"time":167.0,"collumn":0},{"time":167.0,"collumn":2},{"time":168.0,"collumn":0},{"time":169.0,"collumn":0},{"time":169.0,"collumn":3},{"time":170.0,"collumn":0},{"time":170.0,"collumn":3},{"time":171.0,"collumn":0},{"time":171.0,"collumn":3},{"time":172.0,"collumn":3},{"time":172.5,"collumn":1},{"time":173.0,"collumn":1},{"time":173.0,"collumn":3},{"time":174.0,"collumn":1},{"time":174.0,"collumn":3},{"time":175.0,"collumn":1},{"time":175.0,"collumn":3},{"time":176.0,"collumn":1},{"time":177.0,"collumn":1},{"time":177.0,"collumn":2},{"time":178.0,"collumn":1},{"time":178.0,"collumn":2},{"time":179.0,"collumn":1},{"time":179.0,"collumn":2},{"time":179.5,"collumn":2},{"time":180.0,"collumn":0},{"time":181.0,"collumn":0},{"time":181.0,"collumn":2},{"time":182.0,"collumn":0},{"time":182.0,"collumn":2},{"time":183.0,"collumn":0},{"time":183.0,"collumn":2},{"time":184.0,"collumn":0},{"time":185.0,"collumn":0},{"time":185.0,"collumn":3},{"time":186.0,"collumn":0},{"time":186.0,"collumn":3},{"time":187.0,"collumn":0},{"time":187.0,"collumn":3},{"time":188.0,"collumn":3},{"time":188.5,"collumn":2},{"time":189.0,"collumn":2},{"time":189.0,"collumn":3},{"time":190.0,"collumn":2},{"time":190.0,"collumn":3},{"time":191.0,"collumn":2},{"time":191.0,"collumn":3},{"time":192.0,"collumn":2},{"time":193.0,"collumn":1},{"time":193.0,"collumn":2},{"time":194.0,"collumn":1},{"time":194.0,"collumn":2},{"time":195.0,"collumn":1},{"time":195.0,"collumn":2},{"time":195.5,"collumn":1},{"time":196.0,"collumn":0},{"time":196.5,"collumn":3},{"time":197.0,"collumn":0},{"time":197.5,"collumn":1},{"time":198.0,"collumn":0},{"time":199.0,"collumn":2},{"time":199.5,"collumn":1},{"time":200.0,"collumn":3},{"time":201.0,"collumn":0},{"time":201.5,"collumn":1},{"time":202.0,"collumn":2},{"time":203.0,"collumn":3},{"time":203.5,"collumn":1},{"time":204.0,"collumn":2},{"time":205.0,"collumn":0},{"time":205.5,"collumn":2},{"time":206.0,"collumn":1},{"time":207.0,"collumn":3},{"time":207.5,"collumn":2},{"time":208.0,"collumn":3},{"time":209.0,"collumn":1},{"time":209.5,"collumn":2},{"time":210.0,"collumn":0},{"time":211.0,"collumn":2},{"time":211.5,"collumn":1},{"time":212.0,"collumn":3},{"time":213.0,"collumn":0},{"time":213.5,"collumn":1},{"time":214.0,"collumn":2},{"time":215.0,"collumn":3},{"time":215.5,"collumn":2},{"time":216.0,"collumn":1},{"time":217.0,"collumn":0},{"time":217.5,"collumn":2},{"time":218.0,"collumn":1},{"time":219.0,"collumn":3},{"time":219.5,"collumn":1},{"time":220.0,"collumn":2},{"time":221.0,"collumn":0},{"time":221.5,"collumn":1},{"time":222.0,"collumn":0},{"time":223.0,"collumn":3},{"time":223.5,"collumn":1},{"time":224.0,"collumn":3},{"time":225.0,"collumn":0},{"time":225.5,"collumn":1},{"time":226.0,"collumn":2},{"time":227.0,"collumn":0},{"time":227.0,"collumn":3},{"time":227.5,"collumn":0},{"time":227.75,"collumn":0},{"time":228.0,"collumn":0},{"time":229.0,"collumn":2},{"time":229.5,"collumn":1},{"time":230.0,"collumn":3},{"time":231.0,"collumn":0},{"time":231.5,"collumn":1},{"time":232.0,"collumn":2},{"time":233.0,"collumn":3},{"time":233.5,"collumn":1},{"time":234.0,"collumn":2},{"time":235.0,"collumn":0},{"time":236.0,"collumn":2},{"time":237.0,"collumn":1},{"time":237.5,"collumn":3},{"time":238.0,"collumn":0},{"time":239.0,"collumn":3},{"time":239.5,"collumn":2},{"time":240.0,"collumn":1},{"time":241.0,"collumn":0},{"time":241.5,"collumn":1},{"time":242.0,"collumn":2},{"time":243.0,"collumn":3},{"time":244.0,"collumn":1},{"time":245.0,"collumn":2},{"time":245.5,"collumn":0},{"time":246.0,"collumn":2},{"time":247.0,"collumn":1},{"time":247.5,"collumn":3},{"time":248.0,"collumn":0},{"time":249.0,"collumn":3},{"time":249.5,"collumn":2},{"time":250.0,"collumn":1},{"time":251.0,"collumn":0},{"time":252.0,"collumn":1},{"time":253.0,"collumn":2},{"time":253.5,"collumn":3},{"time":254.0,"collumn":0},{"time":255.0,"collumn":2},{"time":255.5,"collumn":1},{"time":256.0,"collumn":3},{"time":257.0,"collumn":0},{"time":257.5,"collumn":1},{"time":258.0,"collumn":2},{"time":258.5,"collumn":3},{"time":259.0,"collumn":2},{"time":259.5,"collumn":3},{"time":260.0,"collumn":0},{"time":261.0,"collumn":2},{"time":262.0,"collumn":1},{"time":263.0,"collumn":3},{"time":264.0,"collumn":2},{"time":265.0,"collumn":1},{"time":266.0,"collumn":0},{"time":267.0,"collumn":2},{"time":267.5,"collumn":1},{"time":268.0,"collumn":1},{"time":269.0,"collumn":3},{"time":270.0,"collumn":2},{"time":271.0,"collumn":1},{"time":272.0,"collumn":0},{"time":273.0,"collumn":2},{"time":274.0,"collumn":1},{"time":274.5,"collumn":3},{"time":275.0,"collumn":0},{"time":276.0,"collumn":3},{"time":277.0,"collumn":1},{"time":278.0,"collumn":2},{"time":279.0,"collumn":0},{"time":280.0,"collumn":2},{"time":281.0,"collumn":1},{"time":282.0,"collumn":3},{"time":283.0,"collumn":2},{"time":283.5,"collumn":1},{"time":284.0,"collumn":1},{"time":285.0,"collumn":0},{"time":286.0,"collumn":2},{"time":287.0,"collumn":1},{"time":288.0,"collumn":3},{"time":289.0,"collumn":3},{"time":290.0,"collumn":0},{"time":290.5,"collumn":1},{"time":291.0,"collumn":2},{"time":291.5,"collumn":3},{"time":292.0,"collumn":0},{"time":293.0,"collumn":2},{"time":294.0,"collumn":1},{"time":295.0,"collumn":3},{"time":296.0,"collumn":1},{"time":297.0,"collumn":2},{"time":298.0,"collumn":0},{"time":299.0,"collumn":3},{"time":299.5,"collumn":1},{"time":300.0,"collumn":1},{"time":301.0,"collumn":2},{"time":302.0,"collumn":0},{"time":303.0,"collumn":2},{"time":304.0,"collumn":1},{"time":305.0,"collumn":3},{"time":306.0,"collumn":2},{"time":306.5,"collumn":1},{"time":307.0,"collumn":0},{"time":308.0,"collumn":3},{"time":309.0,"collumn":1},{"time":310.0,"collumn":2},{"time":311.0,"collumn":0},{"time":312.0,"collumn":2},{"time":313.0,"collumn":1},{"time":314.0,"collumn":3},{"time":315.0,"collumn":0},{"time":315.5,"collumn":3},{"time":316.0,"collumn":3},{"time":317.0,"collumn":1},{"time":318.0,"collumn":2},{"time":319.0,"collumn":0},{"time":320.0,"collumn":3},{"time":321.0,"collumn":3},{"time":322.0,"collumn":0},{"time":323.0,"collumn":0},{"time":324.0,"collumn":0},{"time":324.0,"collumn":3},{"time":325.0,"collumn":3},{"time":326.0,"collumn":1},{"time":327.0,"collumn":2},{"time":328.0,"collumn":0},{"time":329.0,"collumn":2},{"time":330.0,"collumn":1},{"time":331.0,"collumn":3},{"time":331.5,"collumn":0},{"time":332.0,"collumn":0},{"time":333.0,"collumn":3},{"time":334.0,"collumn":2},{"time":335.0,"collumn":1},{"time":336.0,"collumn":0},{"time":337.0,"collumn":2},{"time":338.0,"collumn":1},{"time":338.5,"collumn":3},{"time":339.0,"collumn":0},{"time":340.0,"collumn":3},{"time":341.0,"collumn":1},{"time":342.0,"collumn":2},{"time":343.0,"collumn":0},{"time":344.0,"collumn":2},{"time":345.0,"collumn":1},{"time":346.0,"collumn":3},{"time":347.0,"collumn":2},{"time":347.5,"collumn":1},{"time":348.0,"collumn":1},{"time":349.0,"collumn":2},{"time":350.0,"collumn":3},{"time":351.0,"collumn":1},{"time":352.0,"collumn":2},{"time":353.0,"collumn":0},{"time":354.0,"collumn":3},{"time":354.5,"collumn":1},{"time":355.0,"collumn":2},{"time":355.5,"collumn":0},{"time":356.0,"collumn":0},{"time":356.0,"collumn":3},{"time":357.0,"collumn":0},{"time":357.0,"collumn":3},{"time":358.0,"collumn":0},{"time":358.0,"collumn":3},{"time":359.0,"collumn":3},{"time":360.0,"collumn":1},{"time":360.0,"collumn":3},{"time":361.0,"collumn":1},{"time":361.0,"collumn":3},{"time":362.0,"collumn":1},{"time":362.0,"collumn":3},{"time":363.0,"collumn":1},{"time":363.5,"collumn":2},{"time":364.0,"collumn":0},{"time":364.0,"collumn":2},{"time":365.0,"collumn":0},{"time":365.0,"collumn":2},{"time":366.0,"collumn":0},{"time":366.0,"collumn":2},{"time":367.0,"collumn":0},{"time":368.0,"collumn":0},{"time":368.0,"collumn":3},{"time":369.0,"collumn":0},{"time":369.0,"collumn":3},{"time":370.0,"collumn":0},{"time":370.0,"collumn":3},{"time":370.5,"collumn":3},{"time":371.0,"collumn":1},{"time":372.0,"collumn":1},{"time":372.0,"collumn":2},{"time":373.0,"collumn":1},{"time":373.0,"collumn":2},{"time":374.0,"collumn":1},{"time":374.0,"collumn":2},{"time":375.0,"collumn":2},{"time":376.0,"collumn":0},{"time":376.0,"collumn":2},{"time":377.0,"collumn":0},{"time":377.0,"collumn":2},{"time":378.0,"collumn":0},{"time":378.0,"collumn":2},{"time":379.0,"collumn":0},{"time":379.5,"collumn":3},{"time":380.0,"collumn":0},{"time":380.0,"collumn":3},{"time":381.0,"collumn":0},{"time":381.0,"collumn":3},{"time":382.0,"collumn":0},{"time":382.0,"collumn":3},{"time":383.0,"collumn":3},{"time":384.0,"collumn":1},{"time":384.0,"collumn":3},{"time":385.0,"collumn":1},{"time":385.0,"collumn":3},{"time":386.0,"collumn":1},{"time":386.0,"collumn":3},{"time":387.0,"collumn":1},{"time":387.0,"collumn":2},{"time":388.0,"collumn":0},{"time":388.0,"collumn":3},{"time":388.5,"collumn":0},{"time":389.0,"collumn":2},{"time":390.0,"collumn":1},{"time":390.5,"collumn":3},{"time":391.0,"collumn":0},{"time":392.0,"collumn":3},{"time":392.5,"collumn":2},{"time":393.0,"collumn":1},{"time":394.0,"collumn":0},{"time":394.5,"collumn":1},{"time":395.0,"collumn":2},{"time":396.0,"collumn":3},{"time":396.5,"collumn":1},{"time":397.0,"collumn":3},{"time":398.0,"collumn":0},{"time":398.5,"collumn":1},{"time":399.0,"collumn":0},{"time":400.0,"collumn":2},{"time":400.5,"collumn":1},{"time":401.0,"collumn":3},{"time":402.0,"collumn":0},{"time":402.5,"collumn":1},{"time":403.0,"collumn":2},{"time":404.0,"collumn":3},{"time":404.5,"collumn":2},{"time":405.0,"collumn":0},{"time":406.0,"collumn":2},{"time":406.5,"collumn":3},{"time":407.0,"collumn":1},{"time":408.0,"collumn":2},{"time":408.5,"collumn":0},{"time":409.0,"collumn":3},{"time":410.0,"collumn":1},{"time":410.5,"collumn":2},{"time":411.0,"collumn":0},{"time":412.0,"collumn":3},{"time":412.5,"collumn":1},{"time":413.0,"collumn":0},{"time":414.0,"collumn":1},{"time":414.5,"collumn":3},{"time":415.0,"collumn":0},{"time":416.0,"collumn":2},{"time":416.5,"collumn":1},{"time":417.0,"collumn":3},{"time":418.0,"collumn":0},{"time":418.5,"collumn":1},{"time":419.0,"collumn":2},{"time":420.0,"collumn":0},{"time":420.0,"collumn":3}],"events":[{"time":0.0,"name":"BPMChange","data":"138.000"},{"time":35.0,"name":"BPMChange","data":"276.001"},{"time":37.0,"name":"BPMChange","data":"138.000"},{"time":197.0,"name":"BPMChange","data":"69.000"},{"time":227.0,"name":"BPMChange","data":"34.500"},{"time":228.0,"name":"BPMChange","data":"138.000"},{"time":388.0,"name":"BPMChange","data":"69.000"}],"difficulty":3,"video":{"framerate":30,"videoPath":"video.cvid","frames":6533,"startPoint":[17,0]}}