{
  "songName": "CAPTAIN JACK (GRANDALE REMIX)",
  "bpm": 170,
  "offset": 0,
  "songPath": "song.mp3",
  "songAuthor": "GRANDALE",
  "chartAuthor": "Konami",
  "difficulty": 2,
  "events": [],
  "notes": [
	{
		"time": 24,
		"collumn": 3,
		"_type": 1
	},
	{
		"time": 26,
		"collumn": 3,
		"_type": 1
	},
	{
		"time": 28,
		"collumn": 0,
		"_type": 1
	},
	{
		"time": 30,
		"collumn": 0,
		"_type": 1
	},
	{
		"time": 32,
		"collumn": 2,
		"_type": 1
	},
	{
		"time": 34,
		"collumn": 2,
		"_type": 1
	},
	{
		"time": 36,
		"collumn": 1,
		"_type": 1
	},
	{
		"time": 38,
		"collumn": 1,
		"_type": 1
	},
	{
		"time": 40,
		"collumn": 0,
		"_type": 2
	},
	{
		"time": 40,
		"collumn": 3,
		"_type": 2
	},
	{
		"time": 48,
		"collumn": 0,
		"_type": 1
	},
	{
		"time": 50,
		"collumn": 0,
		"_type": 1
	},
	{
		"time": 52,
		"collumn": 3,
		"_type": 1
	},
	{
		"time": 53,
		"collumn": 3,
		"_type": 1
	},
	{
		"time": 54,
		"collumn": 3,
		"_type": 1
	},
	{
		"time": 56,
		"collumn": 0,
		"_type": 1
	},
	{
		"time": 57,
		"collumn": 0,
		"_type": 1
	},
	{
		"time": 58,
		"collumn": 3,
		"_type": 1
	},
	{
		"time": 59,
		"collumn": 3,
		"_type": 1
	},
	{
		"time": 60,
		"collumn": 0,
		"_type": 1
	},
	{
		"time": 61,
		"collumn": 0,
		"_type": 1
	},
	{
		"time": 62,
		"collumn": 3,
		"_type": 1
	},
	{
		"time": 63,
		"collumn": 3,
		"_type": 1
	},
	{
		"time": 64,
		"collumn": 2,
		"_type": 1
	},
	{
		"time": 65,
		"collumn": 2,
		"_type": 1
	},
	{
		"time": 66,
		"collumn": 1,
		"_type": 1
	},
	{
		"time": 67,
		"collumn": 1,
		"_type": 1
	},
	{
		"time": 68,
		"collumn": 2,
		"_type": 1
	},
	{
		"time": 69,
		"collumn": 2,
		"_type": 1
	},
	{
		"time": 70,
		"collumn": 1,
		"_type": 1
	},
	{
		"time": 71,
		"collumn": 1,
		"_type": 1
	},
	{
		"time": 72,
		"collumn": 0,
		"_type": 1
	},
	{
		"time": 72,
		"collumn": 3,
		"_type": 1
	},
	{
		"time": 73,
		"collumn": 0,
		"_type": 1
	},
	{
		"time": 73,
		"collumn": 3,
		"_type": 1
	},
	{
		"time": 74,
		"collumn": 1,
		"_type": 1
	},
	{
		"time": 75,
		"collumn": 1,
		"_type": 1
	},
	{
		"time": 76,
		"collumn": 0,
		"_type": 1
	},
	{
		"time": 76,
		"collumn": 3,
		"_type": 1
	},
	{
		"time": 77,
		"collumn": 0,
		"_type": 1
	},
	{
		"time": 77,
		"collumn": 3,
		"_type": 1
	},
	{
		"time": 78,
		"collumn": 1,
		"_type": 1
	},
	{
		"time": 79,
		"collumn": 1,
		"_type": 1
	},
	{
		"time": 80,
		"collumn": 3,
		"_type": 1
	},
	{
		"time": 81,
		"collumn": 3,
		"_type": 1
	},
	{
		"time": 82,
		"collumn": 1,
		"_type": 1
	},
	{
		"time": 83,
		"collumn": 1,
		"_type": 1
	},
	{
		"time": 84,
		"collumn": 0,
		"_type": 1
	},
	{
		"time": 85,
		"collumn": 0,
		"_type": 1
	},
	{
		"time": 86,
		"collumn": 1,
		"_type": 1
	},
	{
		"time": 87,
		"collumn": 1,
		"_type": 1
	},
	{
		"time": 88,
		"collumn": 2,
		"_type": 1
	},
	{
		"time": 89,
		"collumn": 0,
		"_type": 1
	},
	{
		"time": 90,
		"collumn": 0,
		"_type": 1
	},
	{
		"time": 90,
		"collumn": 3,
		"_type": 1
	},
	{
		"time": 91,
		"collumn": 1,
		"_type": 1
	},
	{
		"time": 92,
		"collumn": 1,
		"_type": 1
	},
	{
		"time": 93,
		"collumn": 3,
		"_type": 1
	},
	{
		"time": 94,
		"collumn": 0,
		"_type": 1
	},
	{
		"time": 94,
		"collumn": 3,
		"_type": 1
	},
	{
		"time": 95,
		"collumn": 1,
		"_type": 1
	},
	{
		"time": 96,
		"collumn": 0,
		"_type": 1
	},
	{
		"time": 97,
		"collumn": 3,
		"_type": 1
	},
	{
		"time": 98,
		"collumn": 1,
		"_type": 1
	},
	{
		"time": 98,
		"collumn": 2,
		"_type": 1
	},
	{
		"time": 99,
		"collumn": 3,
		"_type": 1
	},
	{
		"time": 100,
		"collumn": 0,
		"_type": 1
	},
	{
		"time": 101,
		"collumn": 1,
		"_type": 1
	},
	{
		"time": 102,
		"collumn": 1,
		"_type": 1
	},
	{
		"time": 102,
		"collumn": 2,
		"_type": 1
	},
	{
		"time": 103,
		"collumn": 3,
		"_type": 1
	},
	{
		"time": 104,
		"collumn": 3,
		"_type": 1
	},
	{
		"time": 105,
		"collumn": 3,
		"_type": 1
	},
	{
		"time": 106,
		"collumn": 0,
		"_type": 1
	},
	{
		"time": 107,
		"collumn": 1,
		"_type": 1
	},
	{
		"time": 108,
		"collumn": 0,
		"_type": 1
	},
	{
		"time": 109,
		"collumn": 0,
		"_type": 1
	},
	{
		"time": 110,
		"collumn": 3,
		"_type": 1
	},
	{
		"time": 111,
		"collumn": 1,
		"_type": 1
	},
	{
		"time": 112,
		"collumn": 2,
		"_type": 1
	},
	{
		"time": 113,
		"collumn": 2,
		"_type": 1
	},
	{
		"time": 114,
		"collumn": 0,
		"_type": 1
	},
	{
		"time": 114,
		"collumn": 3,
		"_type": 1
	},
	{
		"time": 115,
		"collumn": 2,
		"_type": 1
	},
	{
		"time": 116,
		"collumn": 1,
		"_type": 1
	},
	{
		"time": 117,
		"collumn": 1,
		"_type": 1
	},
	{
		"time": 118,
		"collumn": 0,
		"_type": 1
	},
	{
		"time": 118,
		"collumn": 3,
		"_type": 1
	},
	{
		"time": 119,
		"collumn": 1,
		"_type": 1
	},
	{
		"time": 120,
		"collumn": 2,
		"_type": 1
	},
	{
		"time": 121,
		"collumn": 3,
		"_type": 1
	},
	{
		"time": 122,
		"collumn": 0,
		"_type": 2
	},
	{
		"time": 122,
		"collumn": 3,
		"_type": 2
	},
	{
		"time": 124,
		"collumn": 1,
		"_type": 1
	},
	{
		"time": 125,
		"collumn": 0,
		"_type": 1
	},
	{
		"time": 126,
		"collumn": 0,
		"_type": 2
	},
	{
		"time": 126,
		"collumn": 3,
		"_type": 2
	},
	{
		"time": 128,
		"collumn": 0,
		"_type": 1
	},
	{
		"time": 129,
		"collumn": 3,
		"_type": 1
	},
	{
		"time": 130,
		"collumn": 1,
		"_type": 2
	},
	{
		"time": 130,
		"collumn": 2,
		"_type": 2
	},
	{
		"time": 132,
		"collumn": 3,
		"_type": 1
	},
	{
		"time": 133,
		"collumn": 0,
		"_type": 1
	},
	{
		"time": 134,
		"collumn": 1,
		"_type": 2
	},
	{
		"time": 134,
		"collumn": 2,
		"_type": 2
	},
	{
		"time": 136,
		"collumn": 3,
		"_type": 2
	},
	{
		"time": 137,
		"collumn": 0,
		"_type": 1
	},
	{
		"time": 138,
		"collumn": 1,
		"_type": 1
	},
	{
		"time": 140,
		"collumn": 0,
		"_type": 2
	},
	{
		"time": 141,
		"collumn": 3,
		"_type": 1
	},
	{
		"time": 142,
		"collumn": 1,
		"_type": 1
	},
	{
		"time": 144,
		"collumn": 2,
		"_type": 1
	},
	{
		"time": 145,
		"collumn": 1,
		"_type": 1
	},
	{
		"time": 146,
		"collumn": 0,
		"_type": 2
	},
	{
		"time": 146,
		"collumn": 3,
		"_type": 2
	},
	{
		"time": 148,
		"collumn": 2,
		"_type": 1
	},
	{
		"time": 149,
		"collumn": 1,
		"_type": 1
	},
	{
		"time": 150,
		"collumn": 0,
		"_type": 2
	},
	{
		"time": 150,
		"collumn": 3,
		"_type": 2
	},
	{
		"time": 152,
		"collumn": 0,
		"_type": 1
	},
	{
		"time": 152,
		"collumn": 3,
		"_type": 1
	},
	{
		"time": 153,
		"collumn": 1,
		"_type": 1
	},
	{
		"time": 154,
		"collumn": 1,
		"_type": 1
	},
	{
		"time": 155,
		"collumn": 1,
		"_type": 1
	},
	{
		"time": 156,
		"collumn": 0,
		"_type": 1
	},
	{
		"time": 156,
		"collumn": 3,
		"_type": 1
	},
	{
		"time": 157,
		"collumn": 1,
		"_type": 1
	},
	{
		"time": 158,
		"collumn": 0,
		"_type": 1
	},
	{
		"time": 158,
		"collumn": 3,
		"_type": 1
	},
	{
		"time": 159,
		"collumn": 1,
		"_type": 1
	},
	{
		"time": 160,
		"collumn": 2,
		"_type": 1
	},
	{
		"time": 161,
		"collumn": 2,
		"_type": 1
	},
	{
		"time": 162,
		"collumn": 0,
		"_type": 2
	},
	{
		"time": 162,
		"collumn": 3,
		"_type": 2
	},
	{
		"time": 164,
		"collumn": 0,
		"_type": 1
	},
	{
		"time": 165,
		"collumn": 0,
		"_type": 1
	},
	{
		"time": 166,
		"collumn": 1,
		"_type": 1
	},
	{
		"time": 167,
		"collumn": 1,
		"_type": 1
	},
	{
		"time": 168,
		"collumn": 1,
		"_type": 1
	},
	{
		"time": 168,
		"collumn": 2,
		"_type": 1
	},
	{
		"time": 169,
		"collumn": 3,
		"_type": 1
	},
	{
		"time": 170,
		"collumn": 3,
		"_type": 1
	},
	{
		"time": 171,
		"collumn": 3,
		"_type": 1
	},
	{
		"time": 172,
		"collumn": 1,
		"_type": 1
	},
	{
		"time": 172,
		"collumn": 2,
		"_type": 1
	},
	{
		"time": 173,
		"collumn": 3,
		"_type": 1
	},
	{
		"time": 174,
		"collumn": 1,
		"_type": 1
	},
	{
		"time": 174,
		"collumn": 2,
		"_type": 1
	},
	{
		"time": 175,
		"collumn": 0,
		"_type": 1
	},
	{
		"time": 176,
		"collumn": 1,
		"_type": 1
	},
	{
		"time": 177,
		"collumn": 1,
		"_type": 1
	},
	{
		"time": 178,
		"collumn": 1,
		"_type": 2
	},
	{
		"time": 178,
		"collumn": 2,
		"_type": 2
	},
	{
		"time": 180,
		"collumn": 3,
		"_type": 1
	},
	{
		"time": 181,
		"collumn": 3,
		"_type": 1
	},
	{
		"time": 182,
		"collumn": 0,
		"_type": 1
	},
	{
		"time": 183,
		"collumn": 1,
		"_type": 1
	},
	{
		"time": 184,
		"collumn": 0,
		"_type": 1
	},
	{
		"time": 185,
		"collumn": 0,
		"_type": 1
	},
	{
		"time": 186,
		"collumn": 1,
		"_type": 1
	},
	{
		"time": 187,
		"collumn": 1,
		"_type": 1
	},
	{
		"time": 188,
		"collumn": 3,
		"_type": 1
	},
	{
		"time": 189,
		"collumn": 3,
		"_type": 1
	},
	{
		"time": 190,
		"collumn": 1,
		"_type": 1
	},
	{
		"time": 191,
		"collumn": 1,
		"_type": 1
	},
	{
		"time": 192,
		"collumn": 2,
		"_type": 2
	},
	{
		"time": 193,
		"collumn": 0,
		"_type": 1
	},
	{
		"time": 194,
		"collumn": 2,
		"_type": 2
	},
	{
		"time": 195,
		"collumn": 0,
		"_type": 1
	},
	{
		"time": 196,
		"collumn": 1,
		"_type": 1
	},
	{
		"time": 197,
		"collumn": 3,
		"_type": 1
	},
	{
		"time": 198,
		"collumn": 2,
		"_type": 1
	},
	{
		"time": 199,
		"collumn": 0,
		"_type": 1
	},
	{
		"time": 200,
		"collumn": 3,
		"_type": 1
	},
	{
		"time": 201,
		"collumn": 3,
		"_type": 1
	},
	{
		"time": 202,
		"collumn": 1,
		"_type": 1
	},
	{
		"time": 203,
		"collumn": 1,
		"_type": 1
	},
	{
		"time": 204,
		"collumn": 0,
		"_type": 1
	},
	{
		"time": 205,
		"collumn": 0,
		"_type": 1
	},
	{
		"time": 206,
		"collumn": 1,
		"_type": 1
	},
	{
		"time": 207,
		"collumn": 1,
		"_type": 1
	},
	{
		"time": 208,
		"collumn": 2,
		"_type": 2
	},
	{
		"time": 209,
		"collumn": 3,
		"_type": 1
	},
	{
		"time": 210,
		"collumn": 2,
		"_type": 2
	},
	{
		"time": 211,
		"collumn": 3,
		"_type": 1
	},
	{
		"time": 212,
		"collumn": 1,
		"_type": 1
	},
	{
		"time": 213,
		"collumn": 0,
		"_type": 1
	},
	{
		"time": 214,
		"collumn": 2,
		"_type": 1
	},
	{
		"time": 215,
		"collumn": 3,
		"_type": 1
	},
	{
		"time": 216,
		"collumn": 0,
		"_type": 1
	},
	{
		"time": 216,
		"collumn": 3,
		"_type": 1
	},
	{
		"time": 217,
		"collumn": 0,
		"_type": 1
	},
	{
		"time": 217,
		"collumn": 3,
		"_type": 1
	},
	{
		"time": 218,
		"collumn": 1,
		"_type": 1
	},
	{
		"time": 219,
		"collumn": 1,
		"_type": 1
	},
	{
		"time": 220,
		"collumn": 0,
		"_type": 1
	},
	{
		"time": 220,
		"collumn": 3,
		"_type": 1
	},
	{
		"time": 221,
		"collumn": 0,
		"_type": 1
	},
	{
		"time": 221,
		"collumn": 3,
		"_type": 1
	},
	{
		"time": 222,
		"collumn": 3,
		"_type": 1
	},
	{
		"time": 223,
		"collumn": 1,
		"_type": 1
	},
	{
		"time": 224,
		"collumn": 0,
		"_type": 1
	},
	{
		"time": 224,
		"collumn": 3,
		"_type": 1
	},
	{
		"time": 225,
		"collumn": 0,
		"_type": 1
	},
	{
		"time": 225,
		"collumn": 3,
		"_type": 1
	},
	{
		"time": 226,
		"collumn": 1,
		"_type": 1
	},
	{
		"time": 227,
		"collumn": 1,
		"_type": 1
	},
	{
		"time": 228,
		"collumn": 0,
		"_type": 1
	},
	{
		"time": 228,
		"collumn": 3,
		"_type": 1
	},
	{
		"time": 229,
		"collumn": 0,
		"_type": 1
	},
	{
		"time": 229,
		"collumn": 3,
		"_type": 1
	},
	{
		"time": 230,
		"collumn": 0,
		"_type": 1
	},
	{
		"time": 231,
		"collumn": 1,
		"_type": 1
	},
	{
		"time": 232,
		"collumn": 0,
		"_type": 1
	},
	{
		"time": 233,
		"collumn": 3,
		"_type": 2
	},
	{
		"time": 234,
		"collumn": 1,
		"_type": 1
	},
	{
		"time": 235,
		"collumn": 1,
		"_type": 1
	},
	{
		"time": 236,
		"collumn": 3,
		"_type": 1
	},
	{
		"time": 237,
		"collumn": 0,
		"_type": 2
	},
	{
		"time": 238,
		"collumn": 1,
		"_type": 1
	},
	{
		"time": 239,
		"collumn": 1,
		"_type": 1
	},
	{
		"time": 240,
		"collumn": 2,
		"_type": 1
	},
	{
		"time": 241,
		"collumn": 3,
		"_type": 1
	},
	{
		"time": 242,
		"collumn": 1,
		"_type": 1
	},
	{
		"time": 243,
		"collumn": 2,
		"_type": 1
	},
	{
		"time": 244,
		"collumn": 0,
		"_type": 1
	},
	{
		"time": 245,
		"collumn": 1,
		"_type": 1
	},
	{
		"time": 246,
		"collumn": 2,
		"_type": 1
	},
	{
		"time": 247,
		"collumn": 3,
		"_type": 1
	},
	{
		"time": 248,
		"collumn": 0,
		"_type": 1
	},
	{
		"time": 249,
		"collumn": 0,
		"_type": 1
	},
	{
		"time": 250,
		"collumn": 1,
		"_type": 1
	},
	{
		"time": 251,
		"collumn": 1,
		"_type": 1
	},
	{
		"time": 252,
		"collumn": 3,
		"_type": 1
	},
	{
		"time": 253,
		"collumn": 3,
		"_type": 1
	},
	{
		"time": 254,
		"collumn": 1,
		"_type": 1
	},
	{
		"time": 255,
		"collumn": 0,
		"_type": 1
	},
	{
		"time": 256,
		"collumn": 1,
		"_type": 1
	},
	{
		"time": 257,
		"collumn": 3,
		"_type": 1
	},
	{
		"time": 258,
		"collumn": 1,
		"_type": 1
	},
	{
		"time": 259,
		"collumn": 0,
		"_type": 1
	},
	{
		"time": 260,
		"collumn": 1,
		"_type": 1
	},
	{
		"time": 261,
		"collumn": 3,
		"_type": 1
	},
	{
		"time": 262,
		"collumn": 1,
		"_type": 1
	},
	{
		"time": 263,
		"collumn": 0,
		"_type": 1
	},
	{
		"time": 264,
		"collumn": 1,
		"_type": 1
	},
	{
		"time": 265,
		"collumn": 1,
		"_type": 1
	},
	{
		"time": 266,
		"collumn": 3,
		"_type": 1
	},
	{
		"time": 267,
		"collumn": 2,
		"_type": 1
	},
	{
		"time": 268,
		"collumn": 1,
		"_type": 1
	},
	{
		"time": 269,
		"collumn": 1,
		"_type": 1
	},
	{
		"time": 270,
		"collumn": 0,
		"_type": 1
	},
	{
		"time": 271,
		"collumn": 2,
		"_type": 1
	},
	{
		"time": 272,
		"collumn": 0,
		"_type": 1
	},
	{
		"time": 273,
		"collumn": 0,
		"_type": 1
	},
	{
		"time": 274,
		"collumn": 2,
		"_type": 1
	},
	{
		"time": 275,
		"collumn": 3,
		"_type": 1
	},
	{
		"time": 276,
		"collumn": 3,
		"_type": 1
	},
	{
		"time": 277,
		"collumn": 3,
		"_type": 1
	},
	{
		"time": 278,
		"collumn": 2,
		"_type": 1
	},
	{
		"time": 279,
		"collumn": 0,
		"_type": 1
	},
	{
		"time": 280,
		"collumn": 0,
		"_type": 2
	},
	{
		"time": 280,
		"collumn": 3,
		"_type": 2
	},
	{
		"time": 288,
		"collumn": 3,
		"_type": 1
	},
	{
		"time": 289,
		"collumn": 1,
		"_type": 1
	},
	{
		"time": 290,
		"collumn": 0,
		"_type": 1
	},
	{
		"time": 291,
		"collumn": 1,
		"_type": 1
	},
	{
		"time": 292,
		"collumn": 0,
		"_type": 1
	},
	{
		"time": 292,
		"collumn": 3,
		"_type": 1
	},
	{
		"time": 293,
		"collumn": 0,
		"_type": 1
	},
	{
		"time": 293,
		"collumn": 3,
		"_type": 1
	},
	{
		"time": 294,
		"collumn": 1,
		"_type": 1
	},
	{
		"time": 294,
		"collumn": 2,
		"_type": 1
	},
  ]
}
