{
  "songName": "Lesson by dj",
  "songPath": "song.mp3",
  "songAuthor": "UTD and friends",
  "chartAuthor": "Konami",
  "bpm": 120,
  "offset": 0,
  "preview": 10,
  "difficulty":0,
  "events" : [],
  "notes": [
	{
		"time": 46,
		"collumn": 3,
		"_type": 1
	},
	{
		"time": 50,
		"collumn": 0,
		"_type": 1
	},
	{
		"time": 54,
		"collumn": 2,
		"_type": 1
	},
	{
		"time": 55,
		"collumn": 2,
		"_type": 1
	},
	{
		"time": 58,
		"collumn": 1,
		"_type": 1
	},
	{
		"time": 59,
		"collumn": 1,
		"_type": 1
	},
	{
		"time": 64,
		"collumn": 2,
		"_type": 1
	},
	{
		"time": 65,
		"collumn": 2,
		"_type": 1
	},
	{
		"time": 66,
		"collumn": 2,
		"_type": 1
	},
	{
		"time": 76,
		"collumn": 1,
		"_type": 2
	},
	{
		"time": 126,
		"collumn": 3,
		"_type": 1
	},
	{
		"time": 130,
		"collumn": 0,
		"_type": 1
	},
	{
		"time": 134,
		"collumn": 3,
		"_type": 1
	},
	{
		"time": 135,
		"collumn": 0,
		"_type": 1
	},
	{
		"time": 138,
		"collumn": 0,
		"_type": 1
	},
	{
		"time": 139,
		"collumn": 3,
		"_type": 1
	},
	{
		"time": 144,
		"collumn": 3,
		"_type": 1
	},
	{
		"time": 145,
		"collumn": 0,
		"_type": 1
	},
	{
		"time": 146,
		"collumn": 0,
		"_type": 1
	},
	{
		"time": 152,
		"collumn": 0,
		"_type": 1
	},
	{
		"time": 153,
		"collumn": 3,
		"_type": 1
	},
	{
		"time": 154,
		"collumn": 3,
		"_type": 1
	},
	{
		"time": 168,
		"collumn": 3,
		"_type": 1
	},
	{
		"time": 169,
		"collumn": 0,
		"_type": 1
	},
	{
		"time": 170,
		"collumn": 3,
		"_type": 1
	},
	{
		"time": 171,
		"collumn": 0,
		"_type": 1
	},
	{
		"time": 172,
		"collumn": 3,
		"_type": 1
	},
	{
		"time": 173,
		"collumn": 3,
		"_type": 1
	},
	{
		"time": 174,
		"collumn": 0,
		"_type": 1
	},
	{
		"time": 184,
		"collumn": 0,
		"_type": 1
	},
	{
		"time": 185,
		"collumn": 3,
		"_type": 1
	},
	{
		"time": 186,
		"collumn": 0,
		"_type": 1
	},
	{
		"time": 187,
		"collumn": 3,
		"_type": 1
	},
	{
		"time": 188,
		"collumn": 0,
		"_type": 1
	},
	{
		"time": 189,
		"collumn": 0,
		"_type": 1
	},
	{
		"time": 190,
		"collumn": 3,
		"_type": 1
	},
	{
		"time": 220,
		"collumn": 3,
		"_type": 1
	},
	{
		"time": 221,
		"collumn": 3,
		"_type": 1
	},
	{
		"time": 222,
		"collumn": 0,
		"_type": 1
	},
	{
		"time": 223,
		"collumn": 0,
		"_type": 1
	},
	{
		"time": 224,
		"collumn": 3,
		"_type": 1
	},
	{
		"time": 225,
		"collumn": 0,
		"_type": 1
	},
	{
		"time": 226,
		"collumn": 3,
		"_type": 1
	},
	{
		"time": 230,
		"collumn": 0,
		"_type": 1
	},
	{
		"time": 230,
		"collumn": 3,
		"_type": 1
	},
	{
		"time": 234,
		"collumn": 0,
		"_type": 1
	},
	{
		"time": 234,
		"collumn": 3,
		"_type": 1
	},
	{
		"time": 238,
		"collumn": 0,
		"_type": 1
	},
	{
		"time": 238,
		"collumn": 3,
		"_type": 1
	},
	{
		"time": 246,
		"collumn": 1,
		"_type": 1
	},
	{
		"time": 246.5,
		"collumn": 1,
		"_type": 1
	},
	{
		"time": 247,
		"collumn": 3,
		"_type": 1
	},
	{
		"time": 250,
		"collumn": 1,
		"_type": 1
	},
	{
		"time": 250.5,
		"collumn": 1,
		"_type": 1
	},
	{
		"time": 251,
		"collumn": 3,
		"_type": 1
	},
	{
		"time": 262,
		"collumn": 1,
		"_type": 1
	},
	{
		"time": 262.5,
		"collumn": 1,
		"_type": 1
	},
	{
		"time": 263,
		"collumn": 3,
		"_type": 1
	},
	{
		"time": 266,
		"collumn": 1,
		"_type": 1
	},
	{
		"time": 266.5,
		"collumn": 1,
		"_type": 1
	},
	{
		"time": 267,
		"collumn": 3,
		"_type": 1
	},
  ],
}
