{
	"songPath": "song.mp3",
	"bpm": 100.0,
	"offset": 0.0,
	"songName": "deltaMAX",
	"songAuthor": "DM Ashura",
	"chartAuthor": "Konami",
	"preview": 52.23,
	"previewLength": 0.0,
	"notes": [
		{
			"time": 20.0,
			"collumn": 0
		},
		{
			"time": 20.0,
			"collumn": 2
		},
		{
			"time": 20.75,
			"collumn": 0
		},
		{
			"time": 21.0,
			"collumn": 3
		},
		{
			"time": 21.5,
			"collumn": 0
		},
		{
			"time": 22.0,
			"collumn": 1
		},
		{
			"time": 22.0,
			"collumn": 3
		},
		{
			"time": 22.5,
			"collumn": 1
		},
		{
			"time": 23.0,
			"collumn": 2
		},
		{
			"time": 23.5,
			"collumn": 0
		},
		{
			"time": 23.5,
			"collumn": 2
		},
		{
			"time": 24.0,
			"collumn": 1
		},
		{
			"time": 24.0,
			"collumn": 2
		},
		{
			"time": 24.75,
			"collumn": 0
		},
		{
			"time": 25.0,
			"collumn": 2
		},
		{
			"time": 25.5,
			"collumn": 0
		},
		{
			"time": 26.0,
			"collumn": 0
		},
		{
			"time": 26.0,
			"collumn": 3
		},
		{
			"time": 26.75,
			"collumn": 3
		},
		{
			"time": 27.0,
			"collumn": 0
		},
		{
			"time": 27.5,
			"collumn": 0
		},
		{
			"time": 27.5,
			"collumn": 3
		},
		{
			"time": 28.0,
			"collumn": 1
		},
		{
			"time": 28.0,
			"collumn": 2
		},
		{
			"time": 28.75,
			"collumn": 0
		},
		{
			"time": 29.0,
			"collumn": 3
		},
		{
			"time": 29.5,
			"collumn": 0
		},
		{
			"time": 30.0,
			"collumn": 0
		},
		{
			"time": 30.0,
			"collumn": 1
		},
		{
			"time": 30.5,
			"collumn": 3
		},
		{
			"time": 31.0,
			"collumn": 1
		},
		{
			"time": 31.25,
			"collumn": 3
		},
		{
			"time": 31.5,
			"collumn": 1
		},
		{
			"time": 32.0,
			"collumn": 0
		},
		{
			"time": 32.0,
			"collumn": 2
		},
		{
			"time": 32.75,
			"collumn": 0
		},
		{
			"time": 33.0,
			"collumn": 3
		},
		{
			"time": 34.0,
			"collumn": 1
		},
		{
			"time": 34.0,
			"collumn": 2
		},
		{
			"time": 34.75,
			"collumn": 0
		},
		{
			"time": 35.0,
			"collumn": 1
		},
		{
			"time": 35.5,
			"collumn": 2
		},
		{
			"time": 35.5,
			"collumn": 3
		},
		{
			"time": 36.0,
			"collumn": 0
		},
		{
			"time": 36.0,
			"collumn": 2
		},
		{
			"time": 36.75,
			"collumn": 0
		},
		{
			"time": 37.0,
			"collumn": 2
		},
		{
			"time": 37.5,
			"collumn": 1
		},
		{
			"time": 38.0,
			"collumn": 3
		},
		{
			"time": 38.25,
			"collumn": 2
		},
		{
			"time": 39.0,
			"collumn": 2
		},
		{
			"time": 39.5,
			"collumn": 1
		},
		{
			"time": 39.5,
			"collumn": 2
		},
		{
			"time": 40.0,
			"collumn": 0
		},
		{
			"time": 40.0,
			"collumn": 3
		},
		{
			"time": 40.75,
			"collumn": 1
		},
		{
			"time": 41.0,
			"collumn": 3
		},
		{
			"time": 41.5,
			"collumn": 2
		},
		{
			"time": 42.0,
			"collumn": 0
		},
		{
			"time": 42.0,
			"collumn": 3
		},
		{
			"time": 42.75,
			"collumn": 1
		},
		{
			"time": 43.0,
			"collumn": 0
		},
		{
			"time": 43.5,
			"collumn": 2
		},
		{
			"time": 43.5,
			"collumn": 3
		},
		{
			"time": 44.0,
			"collumn": 0
		},
		{
			"time": 44.0,
			"collumn": 3
		},
		{
			"time": 44.75,
			"collumn": 1
		},
		{
			"time": 45.0,
			"collumn": 3
		},
		{
			"time": 46.0,
			"collumn": 2
		},
		{
			"time": 46.0,
			"collumn": 3
		},
		{
			"time": 46.75,
			"collumn": 0
		},
		{
			"time": 47.0,
			"collumn": 2
		},
		{
			"time": 47.5,
			"collumn": 1
		},
		{
			"time": 47.5,
			"collumn": 3
		},
		{
			"time": 48.0,
			"collumn": 0
		},
		{
			"time": 48.0,
			"collumn": 2
		},
		{
			"time": 48.75,
			"collumn": 2
		},
		{
			"time": 49.0,
			"collumn": 1
		},
		{
			"time": 49.5,
			"collumn": 1
		},
		{
			"time": 49.5,
			"collumn": 3
		},
		{
			"time": 50.0,
			"collumn": 3
		},
		{
			"time": 50.25,
			"collumn": 0
		},
		{
			"time": 50.75,
			"collumn": 3
		},
		{
			"time": 51.0,
			"collumn": 0
		},
		{
			"time": 51.5,
			"collumn": 0
		},
		{
			"time": 51.5,
			"collumn": 2
		},
		{
			"time": 52.0,
			"collumn": 0
		},
		{
			"time": 52.0,
			"collumn": 3
		},
		{
			"time": 52.75,
			"collumn": 1
		},
		{
			"time": 53.0,
			"collumn": 2
		},
		{
			"time": 53.5,
			"collumn": 0
		},
		{
			"time": 54.0,
			"collumn": 0
		},
		{
			"time": 54.0,
			"collumn": 1
		},
		{
			"time": 54.5,
			"collumn": 2
		},
		{
			"time": 55.0,
			"collumn": 3
		},
		{
			"time": 55.5,
			"collumn": 0
		},
		{
			"time": 55.5,
			"collumn": 1
		},
		{
			"time": 56.0,
			"collumn": 0
		},
		{
			"time": 56.0,
			"collumn": 2
		},
		{
			"time": 56.75,
			"collumn": 0
		},
		{
			"time": 57.0,
			"collumn": 3
		},
		{
			"time": 57.5,
			"collumn": 0
		},
		{
			"time": 58.0,
			"collumn": 1
		},
		{
			"time": 58.0,
			"collumn": 3
		},
		{
			"time": 58.75,
			"collumn": 0
		},
		{
			"time": 59.0,
			"collumn": 2
		},
		{
			"time": 59.5,
			"collumn": 1
		},
		{
			"time": 60.0,
			"collumn": 0
		},
		{
			"time": 60.0,
			"collumn": 3
		},
		{
			"time": 60.75,
			"collumn": 1
		},
		{
			"time": 61.0,
			"collumn": 2
		},
		{
			"time": 61.5,
			"collumn": 1
		},
		{
			"time": 62.0,
			"collumn": 1
		},
		{
			"time": 62.0,
			"collumn": 3
		},
		{
			"time": 62.5,
			"collumn": 3
		},
		{
			"time": 63.0,
			"collumn": 0
		},
		{
			"time": 63.25,
			"collumn": 1
		},
		{
			"time": 63.5,
			"collumn": 0
		},
		{
			"time": 64.0,
			"collumn": 0
		},
		{
			"time": 64.0,
			"collumn": 3
		},
		{
			"time": 64.75,
			"collumn": 1
		},
		{
			"time": 65.0,
			"collumn": 2
		},
		{
			"time": 66.0,
			"collumn": 1
		},
		{
			"time": 66.0,
			"collumn": 2
		},
		{
			"time": 66.75,
			"collumn": 0
		},
		{
			"time": 67.0,
			"collumn": 3
		},
		{
			"time": 67.5,
			"collumn": 1
		},
		{
			"time": 67.5,
			"collumn": 3
		},
		{
			"time": 68.0,
			"collumn": 0
		},
		{
			"time": 68.0,
			"collumn": 2
		},
		{
			"time": 68.75,
			"collumn": 0
		},
		{
			"time": 69.0,
			"collumn": 1
		},
		{
			"time": 69.5,
			"collumn": 0
		},
		{
			"time": 70.0,
			"collumn": 3
		},
		{
			"time": 70.25,
			"collumn": 1
		},
		{
			"time": 71.0,
			"collumn": 1
		},
		{
			"time": 71.0,
			"collumn": 2
		},
		{
			"time": 71.5,
			"collumn": 1
		},
		{
			"time": 71.5,
			"collumn": 3
		},
		{
			"time": 72.0,
			"collumn": 0
		},
		{
			"time": 72.0,
			"collumn": 2
		},
		{
			"time": 72.75,
			"collumn": 1
		},
		{
			"time": 73.0,
			"collumn": 0
		},
		{
			"time": 74.0,
			"collumn": 0
		},
		{
			"time": 74.0,
			"collumn": 3
		},
		{
			"time": 74.75,
			"collumn": 1
		},
		{
			"time": 75.0,
			"collumn": 2
		},
		{
			"time": 75.5,
			"collumn": 3
		},
		{
			"time": 76.0,
			"collumn": 2
		},
		{
			"time": 76.0,
			"collumn": 3
		},
		{
			"time": 76.75,
			"collumn": 3
		},
		{
			"time": 77.0,
			"collumn": 1
		},
		{
			"time": 77.75,
			"collumn": 2
		},
		{
			"time": 78.0,
			"collumn": 0
		},
		{
			"time": 78.75,
			"collumn": 3
		},
		{
			"time": 79.0,
			"collumn": 2
		},
		{
			"time": 79.75,
			"collumn": 1
		},
		{
			"time": 80.0,
			"collumn": 0
		},
		{
			"time": 80.75,
			"collumn": 3
		},
		{
			"time": 81.0,
			"collumn": 2
		},
		{
			"time": 81.75,
			"collumn": 0
		},
		{
			"time": 82.0,
			"collumn": 2
		},
		{
			"time": 82.75,
			"collumn": 3
		},
		{
			"time": 83.0,
			"collumn": 1
		},
		{
			"time": 83.75,
			"collumn": 0
		},
		{
			"time": 84.0,
			"collumn": 2
		},
		{
			"time": 84.5,
			"collumn": 1
		},
		{
			"time": 85.5,
			"collumn": 3
		},
		{
			"time": 86.0,
			"collumn": 0
		},
		{
			"time": 86.0,
			"collumn": 3
		},
		{
			"time": 87.0,
			"collumn": 1
		},
		{
			"time": 87.5,
			"collumn": 2
		},
		{
			"time": 88.0,
			"collumn": 1
		},
		{
			"time": 88.5,
			"collumn": 0
		},
		{
			"time": 89.0,
			"collumn": 1
		},
		{
			"time": 90.0,
			"collumn": 2
		},
		{
			"time": 90.75,
			"collumn": 3
		},
		{
			"time": 91.0,
			"collumn": 0
		},
		{
			"time": 91.5,
			"collumn": 3
		},
		{
			"time": 92.0,
			"collumn": 0
		},
		{
			"time": 92.0,
			"collumn": 3
		},
		{
			"time": 92.5,
			"collumn": 1
		},
		{
			"time": 92.75,
			"collumn": 2
		},
		{
			"time": 93.0,
			"collumn": 1
		},
		{
			"time": 93.5,
			"collumn": 2
		},
		{
			"time": 94.0,
			"collumn": 0
		},
		{
			"time": 94.0,
			"collumn": 2
		},
		{
			"time": 95.0,
			"collumn": 2
		},
		{
			"time": 95.5,
			"collumn": 1
		},
		{
			"time": 96.0,
			"collumn": 3
		},
		{
			"time": 96.5,
			"collumn": 0
		},
		{
			"time": 97.0,
			"collumn": 3
		},
		{
			"time": 98.0,
			"collumn": 2
		},
		{
			"time": 98.75,
			"collumn": 3
		},
		{
			"time": 99.0,
			"collumn": 0
		},
		{
			"time": 99.5,
			"collumn": 2
		},
		{
			"time": 100.0,
			"collumn": 0
		},
		{
			"time": 100.0,
			"collumn": 2
		},
		{
			"time": 100.5,
			"collumn": 0
		},
		{
			"time": 101.5,
			"collumn": 3
		},
		{
			"time": 102.0,
			"collumn": 1
		},
		{
			"time": 102.0,
			"collumn": 3
		},
		{
			"time": 103.0,
			"collumn": 3
		},
		{
			"time": 103.5,
			"collumn": 2
		},
		{
			"time": 104.0,
			"collumn": 1
		},
		{
			"time": 104.5,
			"collumn": 0
		},
		{
			"time": 104.75,
			"collumn": 3
		},
		{
			"time": 105.0,
			"collumn": 0
		},
		{
			"time": 106.0,
			"collumn": 2
		},
		{
			"time": 106.75,
			"collumn": 1
		},
		{
			"time": 107.0,
			"collumn": 3
		},
		{
			"time": 107.5,
			"collumn": 0
		},
		{
			"time": 108.0,
			"collumn": 0
		},
		{
			"time": 108.0,
			"collumn": 2
		},
		{
			"time": 109.0,
			"collumn": 3
		},
		{
			"time": 109.5,
			"collumn": 2
		},
		{
			"time": 110.0,
			"collumn": 1
		},
		{
			"time": 110.5,
			"collumn": 0
		},
		{
			"time": 111.0,
			"collumn": 3
		},
		{
			"time": 111.5,
			"collumn": 1
		},
		{
			"time": 112.0,
			"collumn": 2
		},
		{
			"time": 112.5,
			"collumn": 1
		},
		{
			"time": 113.5,
			"collumn": 2
		},
		{
			"time": 113.75,
			"collumn": 0
		},
		{
			"time": 114.0,
			"collumn": 2
		},
		{
			"time": 114.75,
			"collumn": 0
		},
		{
			"time": 115.0,
			"collumn": 3
		},
		{
			"time": 115.5,
			"collumn": 1
		},
		{
			"time": 116.0,
			"collumn": 1
		},
		{
			"time": 116.0,
			"collumn": 2
		},
		{
			"time": 116.5,
			"collumn": 2
		},
		{
			"time": 117.5,
			"collumn": 0
		},
		{
			"time": 118.0,
			"collumn": 0
		},
		{
			"time": 118.0,
			"collumn": 3
		},
		{
			"time": 119.0,
			"collumn": 1
		},
		{
			"time": 119.5,
			"collumn": 2
		},
		{
			"time": 120.0,
			"collumn": 0
		},
		{
			"time": 120.5,
			"collumn": 3
		},
		{
			"time": 121.0,
			"collumn": 2
		},
		{
			"time": 122.0,
			"collumn": 3
		},
		{
			"time": 122.75,
			"collumn": 2
		},
		{
			"time": 123.0,
			"collumn": 1
		},
		{
			"time": 123.5,
			"collumn": 0
		},
		{
			"time": 124.0,
			"collumn": 0
		},
		{
			"time": 124.0,
			"collumn": 1
		},
		{
			"time": 124.5,
			"collumn": 1
		},
		{
			"time": 124.75,
			"collumn": 0
		},
		{
			"time": 125.0,
			"collumn": 1
		},
		{
			"time": 125.5,
			"collumn": 2
		},
		{
			"time": 126.0,
			"collumn": 3
		},
		{
			"time": 126.5,
			"collumn": 1
		},
		{
			"time": 127.0,
			"collumn": 2
		},
		{
			"time": 127.5,
			"collumn": 0
		},
		{
			"time": 128.0,
			"collumn": 2
		},
		{
			"time": 128.5,
			"collumn": 1
		},
		{
			"time": 129.0,
			"collumn": 3
		},
		{
			"time": 130.0,
			"collumn": 1
		},
		{
			"time": 130.75,
			"collumn": 2
		},
		{
			"time": 131.0,
			"collumn": 0
		},
		{
			"time": 131.5,
			"collumn": 1
		},
		{
			"time": 132.0,
			"collumn": 1
		},
		{
			"time": 132.0,
			"collumn": 2
		},
		{
			"time": 132.5,
			"collumn": 2
		},
		{
			"time": 133.0,
			"collumn": 3
		},
		{
			"time": 133.5,
			"collumn": 1
		},
		{
			"time": 134.0,
			"collumn": 1
		},
		{
			"time": 134.0,
			"collumn": 2
		},
		{
			"time": 135.0,
			"collumn": 3
		},
		{
			"time": 135.5,
			"collumn": 0
		},
		{
			"time": 136.0,
			"collumn": 1
		},
		{
			"time": 136.5,
			"collumn": 2
		},
		{
			"time": 136.75,
			"collumn": 1
		},
		{
			"time": 137.0,
			"collumn": 2
		},
		{
			"time": 138.0,
			"collumn": 3
		},
		{
			"time": 138.75,
			"collumn": 1
		},
		{
			"time": 139.0,
			"collumn": 2
		},
		{
			"time": 139.5,
			"collumn": 0
		},
		{
			"time": 140.0,
			"collumn": 0
		},
		{
			"time": 140.0,
			"collumn": 3
		},
		{
			"time": 141.0,
			"collumn": 1
		},
		{
			"time": 141.5,
			"collumn": 2
		},
		{
			"time": 142.0,
			"collumn": 0
		},
		{
			"time": 142.5,
			"collumn": 3
		},
		{
			"time": 143.0,
			"collumn": 0
		},
		{
			"time": 143.5,
			"collumn": 2
		},
		{
			"time": 144.0,
			"collumn": 1
		},
		{
			"time": 144.5,
			"collumn": 3
		},
		{
			"time": 145.0,
			"collumn": 2
		},
		{
			"time": 145.5,
			"collumn": 1
		},
		{
			"time": 145.75,
			"collumn": 0
		},
		{
			"time": 146.0,
			"collumn": 1
		},
		{
			"time": 146.75,
			"collumn": 2
		},
		{
			"time": 147.0,
			"collumn": 3
		},
		{
			"time": 147.5,
			"collumn": 0
		},
		{
			"time": 148.0,
			"collumn": 0
		},
		{
			"time": 148.0,
			"collumn": 3
		},
		{
			"time": 149.0,
			"collumn": 0
		},
		{
			"time": 150.0,
			"collumn": 3
		},
		{
			"time": 150.5,
			"collumn": 1
		},
		{
			"time": 151.5,
			"collumn": 1
		},
		{
			"time": 152.0,
			"collumn": 1
		},
		{
			"time": 152.0,
			"collumn": 3
		},
		{
			"time": 153.0,
			"collumn": 0
		},
		{
			"time": 153.0,
			"collumn": 3
		},
		{
			"time": 154.0,
			"collumn": 0
		},
		{
			"time": 154.0,
			"collumn": 1
		},
		{
			"time": 155.0,
			"collumn": 0
		},
		{
			"time": 155.0,
			"collumn": 3
		},
		{
			"time": 156.0,
			"collumn": 2
		},
		{
			"time": 156.0,
			"collumn": 3
		},
		{
			"time": 157.0,
			"collumn": 1
		},
		{
			"time": 158.0,
			"collumn": 0
		},
		{
			"time": 158.5,
			"collumn": 3
		},
		{
			"time": 159.5,
			"collumn": 3
		},
		{
			"time": 160.0,
			"collumn": 0
		},
		{
			"time": 160.5,
			"collumn": 2
		},
		{
			"time": 161.0,
			"collumn": 1
		},
		{
			"time": 162.0,
			"collumn": 0
		},
		{
			"time": 162.0,
			"collumn": 3
		},
		{
			"time": 164.0,
			"collumn": 1
		},
		{
			"time": 164.0,
			"collumn": 3
		},
		{
			"time": 165.0,
			"collumn": 3
		},
		{
			"time": 166.0,
			"collumn": 0
		},
		{
			"time": 166.5,
			"collumn": 1
		},
		{
			"time": 167.5,
			"collumn": 1
		},
		{
			"time": 168.0,
			"collumn": 0
		},
		{
			"time": 168.0,
			"collumn": 1
		},
		{
			"time": 169.0,
			"collumn": 0
		},
		{
			"time": 169.0,
			"collumn": 3
		},
		{
			"time": 170.0,
			"collumn": 1
		},
		{
			"time": 170.0,
			"collumn": 3
		},
		{
			"time": 171.0,
			"collumn": 0
		},
		{
			"time": 171.0,
			"collumn": 3
		},
		{
			"time": 172.0,
			"collumn": 0
		},
		{
			"time": 172.0,
			"collumn": 2
		},
		{
			"time": 173.0,
			"collumn": 2
		},
		{
			"time": 174.0,
			"collumn": 1
		},
		{
			"time": 174.5,
			"collumn": 3
		},
		{
			"time": 175.5,
			"collumn": 3
		},
		{
			"time": 176.0,
			"collumn": 2
		},
		{
			"time": 176.5,
			"collumn": 1
		},
		{
			"time": 177.0,
			"collumn": 0
		},
		{
			"time": 177.5,
			"collumn": 3
		},
		{
			"time": 178.0,
			"collumn": 0
		},
		{
			"time": 178.0,
			"collumn": 3
		},
		{
			"time": 180.0,
			"collumn": 2
		},
		{
			"time": 180.0,
			"collumn": 3
		},
		{
			"time": 181.0,
			"collumn": 3
		},
		{
			"time": 182.0,
			"collumn": 0
		},
		{
			"time": 182.5,
			"collumn": 2
		},
		{
			"time": 183.5,
			"collumn": 2
		},
		{
			"time": 184.0,
			"collumn": 0
		},
		{
			"time": 184.0,
			"collumn": 2
		},
		{
			"time": 185.0,
			"collumn": 0
		},
		{
			"time": 185.0,
			"collumn": 3
		},
		{
			"time": 186.0,
			"collumn": 2
		},
		{
			"time": 186.0,
			"collumn": 3
		},
		{
			"time": 187.0,
			"collumn": 0
		},
		{
			"time": 187.0,
			"collumn": 3
		},
		{
			"time": 188.0,
			"collumn": 0
		},
		{
			"time": 188.0,
			"collumn": 1
		},
		{
			"time": 189.0,
			"collumn": 1
		},
		{
			"time": 190.0,
			"collumn": 2
		},
		{
			"time": 190.5,
			"collumn": 3
		},
		{
			"time": 191.5,
			"collumn": 3
		},
		{
			"time": 192.0,
			"collumn": 2
		},
		{
			"time": 192.5,
			"collumn": 1
		},
		{
			"time": 193.0,
			"collumn": 0
		},
		{
			"time": 194.0,
			"collumn": 0
		},
		{
			"time": 194.0,
			"collumn": 2
		},
		{
			"time": 196.0,
			"collumn": 1
		},
		{
			"time": 196.0,
			"collumn": 2
		},
		{
			"time": 197.0,
			"collumn": 1
		},
		{
			"time": 198.0,
			"collumn": 3
		},
		{
			"time": 198.5,
			"collumn": 2
		},
		{
			"time": 199.5,
			"collumn": 2
		},
		{
			"time": 200.0,
			"collumn": 2
		},
		{
			"time": 200.0,
			"collumn": 3
		},
		{
			"time": 201.0,
			"collumn": 0
		},
		{
			"time": 201.0,
			"collumn": 3
		},
		{
			"time": 202.0,
			"collumn": 0
		},
		{
			"time": 202.0,
			"collumn": 2
		},
		{
			"time": 203.0,
			"collumn": 0
		},
		{
			"time": 203.0,
			"collumn": 3
		},
		{
			"time": 204.0,
			"collumn": 1
		},
		{
			"time": 204.0,
			"collumn": 3
		},
		{
			"time": 205.0,
			"collumn": 3
		},
		{
			"time": 206.0,
			"collumn": 0
		},
		{
			"time": 206.5,
			"collumn": 1
		},
		{
			"time": 207.5,
			"collumn": 1
		},
		{
			"time": 208.0,
			"collumn": 2
		},
		{
			"time": 208.5,
			"collumn": 3
		},
		{
			"time": 209.0,
			"collumn": 2
		},
		{
			"time": 209.5,
			"collumn": 3
		},
		{
			"time": 210.0,
			"collumn": 0
		},
		{
			"time": 210.5,
			"collumn": 1
		},
		{
			"time": 211.0,
			"collumn": 0
		},
		{
			"time": 211.5,
			"collumn": 1
		},
		{
			"time": 212.0,
			"collumn": 2
		},
		{
			"time": 213.0,
			"collumn": 1
		},
		{
			"time": 214.0,
			"collumn": 0
		},
		{
			"time": 215.0,
			"collumn": 1
		},
		{
			"time": 216.0,
			"collumn": 2
		},
		{
			"time": 217.0,
			"collumn": 1
		},
		{
			"time": 218.0,
			"collumn": 0
		},
		{
			"time": 218.5,
			"collumn": 1
		},
		{
			"time": 219.0,
			"collumn": 0
		},
		{
			"time": 220.0,
			"collumn": 3
		},
		{
			"time": 221.0,
			"collumn": 1
		},
		{
			"time": 222.0,
			"collumn": 3
		},
		{
			"time": 223.0,
			"collumn": 1
		},
		{
			"time": 224.0,
			"collumn": 0
		},
		{
			"time": 224.0,
			"collumn": 3
		},
		{
			"time": 225.5,
			"collumn": 1
		},
		{
			"time": 225.5,
			"collumn": 3
		},
		{
			"time": 227.0,
			"collumn": 1
		},
		{
			"time": 227.0,
			"collumn": 2
		},
		{
			"time": 228.0,
			"collumn": 2
		},
		{
			"time": 229.0,
			"collumn": 1
		},
		{
			"time": 230.0,
			"collumn": 3
		},
		{
			"time": 231.0,
			"collumn": 1
		},
		{
			"time": 232.0,
			"collumn": 2
		},
		{
			"time": 233.0,
			"collumn": 1
		},
		{
			"time": 234.0,
			"collumn": 3
		},
		{
			"time": 234.5,
			"collumn": 1
		},
		{
			"time": 235.0,
			"collumn": 3
		},
		{
			"time": 236.0,
			"collumn": 0
		},
		{
			"time": 237.0,
			"collumn": 1
		},
		{
			"time": 238.0,
			"collumn": 0
		},
		{
			"time": 239.0,
			"collumn": 1
		},
		{
			"time": 240.0,
			"collumn": 0
		},
		{
			"time": 240.0,
			"collumn": 3
		},
		{
			"time": 241.0,
			"collumn": 0
		},
		{
			"time": 241.5,
			"collumn": 2
		},
		{
			"time": 242.5,
			"collumn": 1
		},
		{
			"time": 243.0,
			"collumn": 3
		},
		{
			"time": 244.0,
			"collumn": 2
		},
		{
			"time": 245.0,
			"collumn": 1
		},
		{
			"time": 246.0,
			"collumn": 0
		},
		{
			"time": 247.0,
			"collumn": 1
		},
		{
			"time": 248.0,
			"collumn": 2
		},
		{
			"time": 249.0,
			"collumn": 1
		},
		{
			"time": 250.0,
			"collumn": 0
		},
		{
			"time": 250.5,
			"collumn": 3
		},
		{
			"time": 251.0,
			"collumn": 0
		},
		{
			"time": 252.0,
			"collumn": 2
		},
		{
			"time": 253.0,
			"collumn": 1
		},
		{
			"time": 254.0,
			"collumn": 3
		},
		{
			"time": 255.0,
			"collumn": 1
		},
		{
			"time": 256.0,
			"collumn": 1
		},
		{
			"time": 256.0,
			"collumn": 3
		},
		{
			"time": 257.5,
			"collumn": 0
		},
		{
			"time": 257.5,
			"collumn": 2
		},
		{
			"time": 259.0,
			"collumn": 1
		},
		{
			"time": 259.0,
			"collumn": 2
		},
		{
			"time": 260.0,
			"collumn": 2
		},
		{
			"time": 261.0,
			"collumn": 1
		},
		{
			"time": 262.0,
			"collumn": 3
		},
		{
			"time": 263.0,
			"collumn": 1
		},
		{
			"time": 264.0,
			"collumn": 2
		},
		{
			"time": 265.0,
			"collumn": 0
		},
		{
			"time": 266.0,
			"collumn": 3
		},
		{
			"time": 267.0,
			"collumn": 0
		},
		{
			"time": 268.0,
			"collumn": 2
		},
		{
			"time": 268.5,
			"collumn": 0
		},
		{
			"time": 269.0,
			"collumn": 2
		},
		{
			"time": 270.0,
			"collumn": 1
		},
		{
			"time": 270.5,
			"collumn": 3
		},
		{
			"time": 271.0,
			"collumn": 1
		},
		{
			"time": 272.0,
			"collumn": 3
		},
		{
			"time": 272.5,
			"collumn": 0
		},
		{
			"time": 273.0,
			"collumn": 3
		},
		{
			"time": 273.5,
			"collumn": 0
		},
		{
			"time": 274.5,
			"collumn": 0
		},
		{
			"time": 275.0,
			"collumn": 2
		},
		{
			"time": 276.0,
			"collumn": 0
		},
		{
			"time": 277.0,
			"collumn": 2
		},
		{
			"time": 278.0,
			"collumn": 3
		},
		{
			"time": 279.0,
			"collumn": 2
		},
		{
			"time": 280.0,
			"collumn": 0
		},
		{
			"time": 281.0,
			"collumn": 2
		},
		{
			"time": 282.0,
			"collumn": 3
		},
		{
			"time": 283.0,
			"collumn": 2
		},
		{
			"time": 284.0,
			"collumn": 0
		},
		{
			"time": 285.0,
			"collumn": 3
		},
		{
			"time": 286.0,
			"collumn": 1
		},
		{
			"time": 287.0,
			"collumn": 2
		},
		{
			"time": 288.0,
			"collumn": 0
		},
		{
			"time": 288.0,
			"collumn": 3
		},
		{
			"time": 289.5,
			"collumn": 0
		},
		{
			"time": 289.5,
			"collumn": 2
		},
		{
			"time": 291.0,
			"collumn": 1
		},
		{
			"time": 291.0,
			"collumn": 3
		},
		{
			"time": 292.0,
			"collumn": 3
		},
		{
			"time": 293.0,
			"collumn": 1
		},
		{
			"time": 294.0,
			"collumn": 0
		},
		{
			"time": 295.0,
			"collumn": 1
		},
		{
			"time": 296.0,
			"collumn": 3
		},
		{
			"time": 297.0,
			"collumn": 1
		},
		{
			"time": 298.0,
			"collumn": 0
		},
		{
			"time": 299.0,
			"collumn": 1
		},
		{
			"time": 300.0,
			"collumn": 3
		},
		{
			"time": 301.0,
			"collumn": 0
		},
		{
			"time": 302.0,
			"collumn": 1
		},
		{
			"time": 303.0,
			"collumn": 2
		},
		{
			"time": 304.0,
			"collumn": 3
		},
		{
			"time": 304.5,
			"collumn": 0
		},
		{
			"time": 305.0,
			"collumn": 3
		},
		{
			"time": 305.5,
			"collumn": 0
		},
		{
			"time": 306.0,
			"collumn": 3
		},
		{
			"time": 307.0,
			"collumn": 0
		},
		{
			"time": 308.0,
			"collumn": 3
		},
		{
			"time": 309.0,
			"collumn": 2
		},
		{
			"time": 310.0,
			"collumn": 0
		},
		{
			"time": 311.0,
			"collumn": 2
		},
		{
			"time": 312.0,
			"collumn": 3
		},
		{
			"time": 313.0,
			"collumn": 2
		},
		{
			"time": 314.0,
			"collumn": 0
		},
		{
			"time": 315.0,
			"collumn": 2
		},
		{
			"time": 316.0,
			"collumn": 3
		},
		{
			"time": 317.0,
			"collumn": 0
		},
		{
			"time": 318.0,
			"collumn": 2
		},
		{
			"time": 319.0,
			"collumn": 1
		},
		{
			"time": 320.0,
			"collumn": 0
		},
		{
			"time": 320.0,
			"collumn": 2
		},
		{
			"time": 321.5,
			"collumn": 1
		},
		{
			"time": 321.5,
			"collumn": 3
		},
		{
			"time": 323.0,
			"collumn": 0
		},
		{
			"time": 323.0,
			"collumn": 2
		},
		{
			"time": 324.0,
			"collumn": 0
		},
		{
			"time": 325.0,
			"collumn": 1
		},
		{
			"time": 326.0,
			"collumn": 3
		},
		{
			"time": 327.0,
			"collumn": 1
		},
		{
			"time": 328.0,
			"collumn": 0
		},
		{
			"time": 329.0,
			"collumn": 1
		},
		{
			"time": 330.0,
			"collumn": 3
		},
		{
			"time": 331.0,
			"collumn": 1
		},
		{
			"time": 332.0,
			"collumn": 0
		},
		{
			"time": 333.0,
			"collumn": 2
		},
		{
			"time": 334.0,
			"collumn": 1
		},
		{
			"time": 335.0,
			"collumn": 3
		},
		{
			"time": 336.0,
			"collumn": 0
		},
		{
			"time": 337.0,
			"collumn": 3
		},
		{
			"time": 338.0,
			"collumn": 0
		},
		{
			"time": 339.0,
			"collumn": 3
		},
		{
			"time": 340.0,
			"collumn": 1
		},
		{
			"time": 341.0,
			"collumn": 2
		},
		{
			"time": 342.0,
			"collumn": 0
		},
		{
			"time": 343.0,
			"collumn": 2
		},
		{
			"time": 345.0,
			"collumn": 1
		},
		{
			"time": 345.0,
			"collumn": 3
		},
		{
			"time": 347.0,
			"collumn": 2
		},
		{
			"time": 348.0,
			"collumn": 0
		},
		{
			"time": 349.0,
			"collumn": 3
		},
		{
			"time": 350.0,
			"collumn": 2
		},
		{
			"time": 351.0,
			"collumn": 3
		},
		{
			"time": 353.0,
			"collumn": 0
		},
		{
			"time": 354.0,
			"collumn": 1
		},
		{
			"time": 356.0,
			"collumn": 2
		},
		{
			"time": 357.0,
			"collumn": 3
		},
		{
			"time": 358.0,
			"collumn": 0
		},
		{
			"time": 359.0,
			"collumn": 3
		},
		{
			"time": 361.0,
			"collumn": 0
		},
		{
			"time": 361.0,
			"collumn": 3
		},
		{
			"time": 363.0,
			"collumn": 0
		},
		{
			"time": 364.0,
			"collumn": 3
		},
		{
			"time": 365.0,
			"collumn": 1
		},
		{
			"time": 366.0,
			"collumn": 3
		},
		{
			"time": 367.0,
			"collumn": 2
		},
		{
			"time": 368.0,
			"collumn": 1
		},
		{
			"time": 369.0,
			"collumn": 2
		},
		{
			"time": 370.0,
			"collumn": 0
		},
		{
			"time": 372.0,
			"collumn": 2
		},
		{
			"time": 373.0,
			"collumn": 3
		},
		{
			"time": 374.0,
			"collumn": 1
		},
		{
			"time": 375.0,
			"collumn": 3
		},
		{
			"time": 377.0,
			"collumn": 0
		},
		{
			"time": 377.0,
			"collumn": 2
		},
		{
			"time": 379.0,
			"collumn": 1
		},
		{
			"time": 380.0,
			"collumn": 3
		},
		{
			"time": 381.0,
			"collumn": 0
		},
		{
			"time": 382.0,
			"collumn": 1
		},
		{
			"time": 383.0,
			"collumn": 2
		},
		{
			"time": 385.0,
			"collumn": 3
		},
		{
			"time": 386.0,
			"collumn": 0
		},
		{
			"time": 388.0,
			"collumn": 2
		},
		{
			"time": 389.0,
			"collumn": 1
		},
		{
			"time": 390.0,
			"collumn": 3
		},
		{
			"time": 391.0,
			"collumn": 1
		},
		{
			"time": 393.0,
			"collumn": 0
		},
		{
			"time": 393.0,
			"collumn": 3
		},
		{
			"time": 395.0,
			"collumn": 2
		},
		{
			"time": 396.0,
			"collumn": 0
		},
		{
			"time": 397.0,
			"collumn": 3
		},
		{
			"time": 398.0,
			"collumn": 0
		},
		{
			"time": 399.0,
			"collumn": 1
		},
		{
			"time": 400.0,
			"collumn": 3
		},
		{
			"time": 401.0,
			"collumn": 1
		},
		{
			"time": 402.0,
			"collumn": 0
		},
		{
			"time": 404.0,
			"collumn": 2
		},
		{
			"time": 405.0,
			"collumn": 0
		},
		{
			"time": 406.0,
			"collumn": 3
		},
		{
			"time": 407.0,
			"collumn": 1
		},
		{
			"time": 409.0,
			"collumn": 0
		},
		{
			"time": 409.0,
			"collumn": 2
		},
		{
			"time": 411.0,
			"collumn": 0
		},
		{
			"time": 412.0,
			"collumn": 3
		},
		{
			"time": 413.0,
			"collumn": 2
		},
		{
			"time": 414.0,
			"collumn": 1
		},
		{
			"time": 415.0,
			"collumn": 0
		},
		{
			"time": 417.0,
			"collumn": 3
		},
		{
			"time": 418.0,
			"collumn": 1
		},
		{
			"time": 420.0,
			"collumn": 2
		},
		{
			"time": 421.0,
			"collumn": 0
		},
		{
			"time": 422.0,
			"collumn": 3
		},
		{
			"time": 423.0,
			"collumn": 0
		},
		{
			"time": 425.0,
			"collumn": 1
		},
		{
			"time": 425.0,
			"collumn": 3
		},
		{
			"time": 427.0,
			"collumn": 1
		},
		{
			"time": 428.0,
			"collumn": 3
		},
		{
			"time": 429.0,
			"collumn": 2
		},
		{
			"time": 430.0,
			"collumn": 3
		},
		{
			"time": 431.0,
			"collumn": 1
		},
		{
			"time": 432.0,
			"collumn": 3
		},
		{
			"time": 433.0,
			"collumn": 1
		},
		{
			"time": 434.0,
			"collumn": 0
		},
		{
			"time": 436.0,
			"collumn": 1
		},
		{
			"time": 437.0,
			"collumn": 2
		},
		{
			"time": 438.0,
			"collumn": 0
		},
		{
			"time": 439.0,
			"collumn": 3
		},
		{
			"time": 441.0,
			"collumn": 0
		},
		{
			"time": 441.0,
			"collumn": 3
		},
		{
			"time": 443.0,
			"collumn": 0
		},
		{
			"time": 444.0,
			"collumn": 1
		},
		{
			"time": 445.0,
			"collumn": 2
		},
		{
			"time": 446.0,
			"collumn": 1
		},
		{
			"time": 447.0,
			"collumn": 0
		},
		{
			"time": 449.0,
			"collumn": 2
		},
		{
			"time": 450.0,
			"collumn": 1
		},
		{
			"time": 452.0,
			"collumn": 3
		},
		{
			"time": 453.0,
			"collumn": 2
		},
		{
			"time": 454.0,
			"collumn": 1
		},
		{
			"time": 455.0,
			"collumn": 2
		},
		{
			"time": 457.0,
			"collumn": 2
		},
		{
			"time": 457.0,
			"collumn": 3
		},
		{
			"time": 459.0,
			"collumn": 3
		},
		{
			"time": 460.0,
			"collumn": 2
		},
		{
			"time": 461.0,
			"collumn": 1
		},
		{
			"time": 462.0,
			"collumn": 0
		},
		{
			"time": 463.0,
			"collumn": 2
		},
		{
			"time": 464.0,
			"collumn": 3
		},
		{
			"time": 465.0,
			"collumn": 2
		},
		{
			"time": 466.0,
			"collumn": 0
		},
		{
			"time": 468.0,
			"collumn": 3
		},
		{
			"time": 469.0,
			"collumn": 2
		},
		{
			"time": 470.0,
			"collumn": 3
		},
		{
			"time": 471.0,
			"collumn": 2
		},
		{
			"time": 472.0,
			"collumn": 3
		},
		{
			"time": 476.0,
			"collumn": 0
		},
		{
			"time": 477.0,
			"collumn": 2
		},
		{
			"time": 478.0,
			"collumn": 0
		},
		{
			"time": 479.0,
			"collumn": 2
		},
		{
			"time": 480.0,
			"collumn": 0
		},
		{
			"time": 484.0,
			"collumn": 1
		},
		{
			"time": 485.0,
			"collumn": 2
		},
		{
			"time": 486.0,
			"collumn": 1
		},
		{
			"time": 487.0,
			"collumn": 0
		},
		{
			"time": 488.0,
			"collumn": 3
		},
		{
			"time": 489.0,
			"collumn": 0
		},
		{
			"time": 490.0,
			"collumn": 3
		},
		{
			"time": 492.0,
			"collumn": 0
		},
		{
			"time": 492.0,
			"collumn": 3
		}
	],
	"events": [
		{
			"time": 0.0,
			"name": "setMovementAmount",
			"data": "25"
		},
		{
			"time": 0.0,
			"name": "BPMChange",
			"data": "100"
		},
		{
			"time": 4.0,
			"name": "BPMChange",
			"data": "100"
		},
		{
			"time": 20.0,
			"name": "BPMChange",
			"data": "101.124"
		},
		{
			"time": 21.0,
			"name": "BPMChange",
			"data": "102.273"
		},
		{
			"time": 22.0,
			"name": "BPMChange",
			"data": "102.273"
		},
		{
			"time": 23.0,
			"name": "BPMChange",
			"data": "104.651"
		},
		{
			"time": 24.0,
			"name": "BPMChange",
			"data": "104.651"
		},
		{
			"time": 25.0,
			"name": "BPMChange",
			"data": "105.882"
		},
		{
			"time": 26.0,
			"name": "BPMChange",
			"data": "107.143"
		},
		{
			"time": 27.0,
			"name": "BPMChange",
			"data": "108.434"
		},
		{
			"time": 28.0,
			"name": "BPMChange",
			"data": "108.434"
		},
		{
			"time": 29.0,
			"name": "BPMChange",
			"data": "109.756"
		},
		{
			"time": 30.0,
			"name": "BPMChange",
			"data": "111.111"
		},
		{
			"time": 31.0,
			"name": "BPMChange",
			"data": "112.5"
		},
		{
			"time": 32.0,
			"name": "BPMChange",
			"data": "112.5"
		},
		{
			"time": 33.0,
			"name": "BPMChange",
			"data": "113.924"
		},
		{
			"time": 34.0,
			"name": "BPMChange",
			"data": "115.385"
		},
		{
			"time": 35.0,
			"name": "BPMChange",
			"data": "115.385"
		},
		{
			"time": 36.0,
			"name": "BPMChange",
			"data": "116.883"
		},
		{
			"time": 37.0,
			"name": "BPMChange",
			"data": "118.421"
		},
		{
			"time": 38.0,
			"name": "BPMChange",
			"data": "120"
		},
		{
			"time": 39.0,
			"name": "BPMChange",
			"data": "120"
		},
		{
			"time": 40.0,
			"name": "BPMChange",
			"data": "120"
		},
		{
			"time": 41.0,
			"name": "BPMChange",
			"data": "121.622"
		},
		{
			"time": 42.0,
			"name": "BPMChange",
			"data": "123.288"
		},
		{
			"time": 43.0,
			"name": "BPMChange",
			"data": "125"
		},
		{
			"time": 44.0,
			"name": "BPMChange",
			"data": "125"
		},
		{
			"time": 46.0,
			"name": "BPMChange",
			"data": "126.761"
		},
		{
			"time": 47.0,
			"name": "BPMChange",
			"data": "128.571"
		},
		{
			"time": 49.0,
			"name": "BPMChange",
			"data": "130.435"
		},
		{
			"time": 51.0,
			"name": "BPMChange",
			"data": "132.353"
		},
		{
			"time": 52.0,
			"name": "BPMChange",
			"data": "134.328"
		},
		{
			"time": 53.0,
			"name": "BPMChange",
			"data": "134.328"
		},
		{
			"time": 55.0,
			"name": "BPMChange",
			"data": "136.364"
		},
		{
			"time": 57.0,
			"name": "BPMChange",
			"data": "138.462"
		},
		{
			"time": 59.0,
			"name": "BPMChange",
			"data": "140.625"
		},
		{
			"time": 62.0,
			"name": "BPMChange",
			"data": "142.857"
		},
		{
			"time": 63.0,
			"name": "BPMChange",
			"data": "145.161"
		},
		{
			"time": 66.0,
			"name": "BPMChange",
			"data": "147.541"
		},
		{
			"time": 68.0,
			"name": "BPMChange",
			"data": "150"
		},
		{
			"time": 71.0,
			"name": "BPMChange",
			"data": "152.542"
		},
		{
			"time": 73.0,
			"name": "BPMChange",
			"data": "155.172"
		},
		{
			"time": 76.0,
			"name": "BPMChange",
			"data": "157.895"
		},
		{
			"time": 79.0,
			"name": "BPMChange",
			"data": "160.714"
		},
		{
			"time": 82.0,
			"name": "BPMChange",
			"data": "163.636"
		},
		{
			"time": 84.0,
			"name": "BPMChange",
			"data": "166.667"
		},
		{
			"time": 85.0,
			"name": "BPMChange",
			"data": "163.636"
		},
		{
			"time": 86.0,
			"name": "BPMChange",
			"data": "169.811"
		},
		{
			"time": 87.0,
			"name": "BPMChange",
			"data": "166.667"
		},
		{
			"time": 88.0,
			"name": "BPMChange",
			"data": "169.811"
		},
		{
			"time": 91.0,
			"name": "BPMChange",
			"data": "173.077"
		},
		{
			"time": 94.0,
			"name": "BPMChange",
			"data": "176.471"
		},
		{
			"time": 98.0,
			"name": "BPMChange",
			"data": "180"
		},
		{
			"time": 101.0,
			"name": "BPMChange",
			"data": "183.673"
		},
		{
			"time": 105.0,
			"name": "BPMChange",
			"data": "187.5"
		},
		{
			"time": 106.0,
			"name": "BPMChange",
			"data": "183.673"
		},
		{
			"time": 107.0,
			"name": "BPMChange",
			"data": "191.489"
		},
		{
			"time": 108.0,
			"name": "BPMChange",
			"data": "187.5"
		},
		{
			"time": 109.0,
			"name": "BPMChange",
			"data": "191.489"
		},
		{
			"time": 110.0,
			"name": "BPMChange",
			"data": "187.5"
		},
		{
			"time": 111.0,
			"name": "BPMChange",
			"data": "195.652"
		},
		{
			"time": 112.0,
			"name": "BPMChange",
			"data": "191.489"
		},
		{
			"time": 113.0,
			"name": "BPMChange",
			"data": "195.652"
		},
		{
			"time": 114.0,
			"name": "BPMChange",
			"data": "191.489"
		},
		{
			"time": 115.0,
			"name": "BPMChange",
			"data": "195.652"
		},
		{
			"time": 116.0,
			"name": "BPMChange",
			"data": "200"
		},
		{
			"time": 117.0,
			"name": "BPMChange",
			"data": "195.652"
		},
		{
			"time": 118.0,
			"name": "BPMChange",
			"data": "200"
		},
		{
			"time": 121.0,
			"name": "BPMChange",
			"data": "204.545"
		},
		{
			"time": 122.0,
			"name": "BPMChange",
			"data": "200"
		},
		{
			"time": 123.0,
			"name": "BPMChange",
			"data": "204.545"
		},
		{
			"time": 125.0,
			"name": "BPMChange",
			"data": "209.302"
		},
		{
			"time": 126.0,
			"name": "BPMChange",
			"data": "204.545"
		},
		{
			"time": 127.0,
			"name": "BPMChange",
			"data": "209.302"
		},
		{
			"time": 131.0,
			"name": "BPMChange",
			"data": "214.286"
		},
		{
			"time": 136.0,
			"name": "BPMChange",
			"data": "219.512"
		},
		{
			"time": 137.0,
			"name": "BPMChange",
			"data": "214.286"
		},
		{
			"time": 138.0,
			"name": "BPMChange",
			"data": "219.512"
		},
		{
			"time": 140.0,
			"name": "BPMChange",
			"data": "225"
		},
		{
			"time": 141.0,
			"name": "BPMChange",
			"data": "219.512"
		},
		{
			"time": 142.0,
			"name": "BPMChange",
			"data": "225"
		},
		{
			"time": 147.0,
			"name": "BPMChange",
			"data": "230.769"
		},
		{
			"time": 148.0,
			"name": "BPMChange",
			"data": "225"
		},
		{
			"time": 149.0,
			"name": "BPMChange",
			"data": "230.769"
		},
		{
			"time": 152.0,
			"name": "BPMChange",
			"data": "236.842"
		},
		{
			"time": 153.0,
			"name": "BPMChange",
			"data": "230.769"
		},
		{
			"time": 154.0,
			"name": "BPMChange",
			"data": "236.842"
		},
		{
			"time": 159.0,
			"name": "BPMChange",
			"data": "243.243"
		},
		{
			"time": 161.0,
			"name": "BPMChange",
			"data": "236.842"
		},
		{
			"time": 162.0,
			"name": "BPMChange",
			"data": "243.243"
		},
		{
			"time": 163.0,
			"name": "BPMChange",
			"data": "250"
		},
		{
			"time": 164.0,
			"name": "BPMChange",
			"data": "243.243"
		},
		{
			"time": 166.0,
			"name": "BPMChange",
			"data": "250"
		},
		{
			"time": 167.0,
			"name": "BPMChange",
			"data": "243.243"
		},
		{
			"time": 168.0,
			"name": "BPMChange",
			"data": "250"
		},
		{
			"time": 171.0,
			"name": "BPMChange",
			"data": "257.143"
		},
		{
			"time": 172.0,
			"name": "BPMChange",
			"data": "250"
		},
		{
			"time": 173.0,
			"name": "BPMChange",
			"data": "257.143"
		},
		{
			"time": 174.0,
			"name": "BPMChange",
			"data": "250"
		},
		{
			"time": 175.0,
			"name": "BPMChange",
			"data": "257.143"
		},
		{
			"time": 178.0,
			"name": "BPMChange",
			"data": "264.706"
		},
		{
			"time": 179.0,
			"name": "BPMChange",
			"data": "257.143"
		},
		{
			"time": 180.0,
			"name": "BPMChange",
			"data": "264.706"
		},
		{
			"time": 181.0,
			"name": "BPMChange",
			"data": "257.143"
		},
		{
			"time": 182.0,
			"name": "BPMChange",
			"data": "264.706"
		},
		{
			"time": 187.0,
			"name": "BPMChange",
			"data": "272.727"
		},
		{
			"time": 188.0,
			"name": "BPMChange",
			"data": "264.706"
		},
		{
			"time": 189.0,
			"name": "BPMChange",
			"data": "272.727"
		},
		{
			"time": 195.0,
			"name": "BPMChange",
			"data": "281.25"
		},
		{
			"time": 196.0,
			"name": "BPMChange",
			"data": "272.727"
		},
		{
			"time": 197.0,
			"name": "BPMChange",
			"data": "281.25"
		},
		{
			"time": 198.0,
			"name": "BPMChange",
			"data": "272.727"
		},
		{
			"time": 199.0,
			"name": "BPMChange",
			"data": "281.25"
		},
		{
			"time": 202.0,
			"name": "BPMChange",
			"data": "290.323"
		},
		{
			"time": 203.0,
			"name": "BPMChange",
			"data": "281.25"
		},
		{
			"time": 205.0,
			"name": "BPMChange",
			"data": "290.323"
		},
		{
			"time": 206.0,
			"name": "BPMChange",
			"data": "281.25"
		},
		{
			"time": 207.0,
			"name": "BPMChange",
			"data": "290.323"
		},
		{
			"time": 212.0,
			"name": "BPMChange",
			"data": "300"
		},
		{
			"time": 213.0,
			"name": "BPMChange",
			"data": "290.323"
		},
		{
			"time": 215.0,
			"name": "BPMChange",
			"data": "300"
		},
		{
			"time": 218.0,
			"name": "BPMChange",
			"data": "290.323"
		},
		{
			"time": 219.0,
			"name": "BPMChange",
			"data": "300"
		},
		{
			"time": 220.0,
			"name": "BPMChange",
			"data": "310.345"
		},
		{
			"time": 221.0,
			"name": "BPMChange",
			"data": "300"
		},
		{
			"time": 224.0,
			"name": "BPMChange",
			"data": "310.345"
		},
		{
			"time": 225.0,
			"name": "BPMChange",
			"data": "300"
		},
		{
			"time": 226.0,
			"name": "BPMChange",
			"data": "310.345"
		},
		{
			"time": 233.0,
			"name": "BPMChange",
			"data": "321.429"
		},
		{
			"time": 234.0,
			"name": "BPMChange",
			"data": "310.345"
		},
		{
			"time": 235.0,
			"name": "BPMChange",
			"data": "321.429"
		},
		{
			"time": 236.0,
			"name": "BPMChange",
			"data": "310.345"
		},
		{
			"time": 237.0,
			"name": "BPMChange",
			"data": "321.429"
		},
		{
			"time": 239.0,
			"name": "BPMChange",
			"data": "321.429"
		},
		{
			"time": 240.0,
			"name": "BPMChange",
			"data": "310.345"
		},
		{
			"time": 241.0,
			"name": "BPMChange",
			"data": "333.333"
		},
		{
			"time": 242.0,
			"name": "BPMChange",
			"data": "321.429"
		},
		{
			"time": 245.0,
			"name": "BPMChange",
			"data": "333.333"
		},
		{
			"time": 246.0,
			"name": "BPMChange",
			"data": "321.429"
		},
		{
			"time": 247.0,
			"name": "BPMChange",
			"data": "333.333"
		},
		{
			"time": 248.0,
			"name": "BPMChange",
			"data": "321.429"
		},
		{
			"time": 249.0,
			"name": "BPMChange",
			"data": "333.333"
		},
		{
			"time": 257.0,
			"name": "BPMChange",
			"data": "346.154"
		},
		{
			"time": 258.0,
			"name": "BPMChange",
			"data": "333.333"
		},
		{
			"time": 259.0,
			"name": "BPMChange",
			"data": "346.154"
		},
		{
			"time": 260.0,
			"name": "BPMChange",
			"data": "333.333"
		},
		{
			"time": 261.0,
			"name": "BPMChange",
			"data": "346.154"
		},
		{
			"time": 270.0,
			"name": "BPMChange",
			"data": "360"
		},
		{
			"time": 271.0,
			"name": "BPMChange",
			"data": "346.154"
		},
		{
			"time": 272.0,
			"name": "BPMChange",
			"data": "360"
		},
		{
			"time": 273.0,
			"name": "BPMChange",
			"data": "346.154"
		},
		{
			"time": 274.0,
			"name": "BPMChange",
			"data": "360"
		},
		{
			"time": 275.0,
			"name": "BPMChange",
			"data": "346.154"
		},
		{
			"time": 276.0,
			"name": "BPMChange",
			"data": "360"
		},
		{
			"time": 283.0,
			"name": "BPMChange",
			"data": "375"
		},
		{
			"time": 284.0,
			"name": "BPMChange",
			"data": "360"
		},
		{
			"time": 286.0,
			"name": "BPMChange",
			"data": "375"
		},
		{
			"time": 287.0,
			"name": "BPMChange",
			"data": "360"
		},
		{
			"time": 288.0,
			"name": "BPMChange",
			"data": "375"
		},
		{
			"time": 291.0,
			"name": "BPMChange",
			"data": "360"
		},
		{
			"time": 292.0,
			"name": "BPMChange",
			"data": "375"
		},
		{
			"time": 297.0,
			"name": "BPMChange",
			"data": "391.304"
		},
		{
			"time": 298.0,
			"name": "BPMChange",
			"data": "375"
		},
		{
			"time": 301.0,
			"name": "BPMChange",
			"data": "391.304"
		},
		{
			"time": 302.0,
			"name": "BPMChange",
			"data": "375"
		},
		{
			"time": 303.0,
			"name": "BPMChange",
			"data": "391.304"
		},
		{
			"time": 305.0,
			"name": "BPMChange",
			"data": "375"
		},
		{
			"time": 306.0,
			"name": "BPMChange",
			"data": "391.304"
		},
		{
			"time": 316.0,
			"name": "BPMChange",
			"data": "409.091"
		},
		{
			"time": 317.0,
			"name": "BPMChange",
			"data": "391.304"
		},
		{
			"time": 318.0,
			"name": "BPMChange",
			"data": "409.091"
		},
		{
			"time": 319.0,
			"name": "BPMChange",
			"data": "391.304"
		},
		{
			"time": 320.0,
			"name": "BPMChange",
			"data": "409.091"
		},
		{
			"time": 321.0,
			"name": "BPMChange",
			"data": "391.304"
		},
		{
			"time": 322.0,
			"name": "BPMChange",
			"data": "409.091"
		},
		{
			"time": 324.0,
			"name": "BPMChange",
			"data": "391.304"
		},
		{
			"time": 325.0,
			"name": "BPMChange",
			"data": "409.091"
		},
		{
			"time": 332.0,
			"name": "BPMChange",
			"data": "428.571"
		},
		{
			"time": 333.0,
			"name": "BPMChange",
			"data": "409.091"
		},
		{
			"time": 336.0,
			"name": "BPMChange",
			"data": "428.571"
		},
		{
			"time": 337.0,
			"name": "BPMChange",
			"data": "409.091"
		},
		{
			"time": 338.0,
			"name": "BPMChange",
			"data": "428.571"
		},
		{
			"time": 339.0,
			"name": "BPMChange",
			"data": "409.091"
		},
		{
			"time": 340.0,
			"name": "BPMChange",
			"data": "428.571"
		},
		{
			"time": 342.0,
			"name": "BPMChange",
			"data": "409.091"
		},
		{
			"time": 343.0,
			"name": "BPMChange",
			"data": "428.571"
		},
		{
			"time": 353.0,
			"name": "BPMChange",
			"data": "450"
		},
		{
			"time": 354.0,
			"name": "BPMChange",
			"data": "428.571"
		},
		{
			"time": 356.0,
			"name": "BPMChange",
			"data": "450"
		},
		{
			"time": 357.0,
			"name": "BPMChange",
			"data": "428.571"
		},
		{
			"time": 358.0,
			"name": "BPMChange",
			"data": "450"
		},
		{
			"time": 359.0,
			"name": "BPMChange",
			"data": "428.571"
		},
		{
			"time": 360.0,
			"name": "BPMChange",
			"data": "450"
		},
		{
			"time": 361.0,
			"name": "BPMChange",
			"data": "428.571"
		},
		{
			"time": 362.0,
			"name": "BPMChange",
			"data": "450"
		},
		{
			"time": 366.0,
			"name": "BPMChange",
			"data": "428.571"
		},
		{
			"time": 367.0,
			"name": "BPMChange",
			"data": "450"
		},
		{
			"time": 372.0,
			"name": "BPMChange",
			"data": "473.684"
		},
		{
			"time": 373.0,
			"name": "BPMChange",
			"data": "450"
		},
		{
			"time": 377.0,
			"name": "BPMChange",
			"data": "473.684"
		},
		{
			"time": 378.0,
			"name": "BPMChange",
			"data": "450"
		},
		{
			"time": 379.0,
			"name": "BPMChange",
			"data": "473.684"
		},
		{
			"time": 380.0,
			"name": "BPMChange",
			"data": "450"
		},
		{
			"time": 381.0,
			"name": "BPMChange",
			"data": "473.684"
		},
		{
			"time": 382.0,
			"name": "BPMChange",
			"data": "450"
		},
		{
			"time": 383.0,
			"name": "BPMChange",
			"data": "473.684"
		},
		{
			"time": 384.0,
			"name": "BPMChange",
			"data": "450"
		},
		{
			"time": 385.0,
			"name": "BPMChange",
			"data": "473.684"
		},
		{
			"time": 388.0,
			"name": "BPMChange",
			"data": "450"
		},
		{
			"time": 389.0,
			"name": "BPMChange",
			"data": "473.684"
		},
		{
			"time": 397.0,
			"name": "BPMChange",
			"data": "500"
		},
		{
			"time": 398.0,
			"name": "BPMChange",
			"data": "473.684"
		},
		{
			"time": 401.0,
			"name": "BPMChange",
			"data": "500"
		},
		{
			"time": 402.0,
			"name": "BPMChange",
			"data": "473.684"
		},
		{
			"time": 404.0,
			"name": "BPMChange",
			"data": "500"
		},
		{
			"time": 405.0,
			"name": "BPMChange",
			"data": "473.684"
		},
		{
			"time": 406.0,
			"name": "BPMChange",
			"data": "500"
		},
		{
			"time": 407.0,
			"name": "BPMChange",
			"data": "473.684"
		},
		{
			"time": 408.0,
			"name": "BPMChange",
			"data": "500"
		},
		{
			"time": 410.0,
			"name": "BPMChange",
			"data": "473.684"
		},
		{
			"time": 411.0,
			"name": "BPMChange",
			"data": "500"
		},
		{
			"time": 414.0,
			"name": "BPMChange",
			"data": "473.684"
		},
		{
			"time": 415.0,
			"name": "BPMChange",
			"data": "500"
		},
		{
			"time": 424.0,
			"name": "BPMChange",
			"data": "529.412"
		},
		{
			"time": 425.0,
			"name": "BPMChange",
			"data": "500"
		},
		{
			"time": 428.0,
			"name": "BPMChange",
			"data": "529.412"
		},
		{
			"time": 429.0,
			"name": "BPMChange",
			"data": "500"
		},
		{
			"time": 431.0,
			"name": "BPMChange",
			"data": "529.412"
		},
		{
			"time": 432.0,
			"name": "BPMChange",
			"data": "500"
		},
		{
			"time": 433.0,
			"name": "BPMChange",
			"data": "529.412"
		},
		{
			"time": 434.0,
			"name": "BPMChange",
			"data": "500"
		},
		{
			"time": 435.0,
			"name": "BPMChange",
			"data": "529.412"
		},
		{
			"time": 436.0,
			"name": "BPMChange",
			"data": "500"
		},
		{
			"time": 437.0,
			"name": "BPMChange",
			"data": "529.412"
		},
		{
			"time": 439.0,
			"name": "BPMChange",
			"data": "500"
		},
		{
			"time": 440.0,
			"name": "BPMChange",
			"data": "529.412"
		},
		{
			"time": 443.0,
			"name": "BPMChange",
			"data": "500"
		},
		{
			"time": 444.0,
			"name": "BPMChange",
			"data": "529.412"
		},
		{
			"time": 454.0,
			"name": "BPMChange",
			"data": "562.5"
		},
		{
			"time": 455.0,
			"name": "BPMChange",
			"data": "529.412"
		},
		{
			"time": 458.0,
			"name": "BPMChange",
			"data": "562.5"
		},
		{
			"time": 459.0,
			"name": "BPMChange",
			"data": "529.412"
		},
		{
			"time": 461.0,
			"name": "BPMChange",
			"data": "562.5"
		},
		{
			"time": 462.0,
			"name": "BPMChange",
			"data": "529.412"
		},
		{
			"time": 463.0,
			"name": "BPMChange",
			"data": "562.5"
		},
		{
			"time": 464.0,
			"name": "BPMChange",
			"data": "529.412"
		},
		{
			"time": 465.0,
			"name": "BPMChange",
			"data": "562.5"
		},
		{
			"time": 466.0,
			"name": "BPMChange",
			"data": "529.412"
		},
		{
			"time": 467.0,
			"name": "BPMChange",
			"data": "562.5"
		},
		{
			"time": 468.0,
			"name": "BPMChange",
			"data": "529.412"
		},
		{
			"time": 469.0,
			"name": "BPMChange",
			"data": "562.5"
		},
		{
			"time": 471.0,
			"name": "BPMChange",
			"data": "529.412"
		},
		{
			"time": 472.0,
			"name": "BPMChange",
			"data": "562.5"
		},
		{
			"time": 475.0,
			"name": "BPMChange",
			"data": "529.412"
		},
		{
			"time": 476.0,
			"name": "BPMChange",
			"data": "562.5"
		},
		{
			"time": 488.0,
			"name": "BPMChange",
			"data": "600"
		},
		{
			"time": 489.0,
			"name": "BPMChange",
			"data": "562.5"
		},
		{
			"time": 490.0,
			"name": "BPMChange",
			"data": "562.5"
		},
		{
			"time": 491.0,
			"name": "BPMChange",
			"data": "562.5"
		},
		{
			"time": 492.0,
			"name": "BPMChange",
			"data": "573.451"
		}
	], "video":{
		"videoPath":"video.cvid",
		"startPoint":[17,0]
	},
	"difficulty": 5
}